,math score,reading score,writing score,gender_male,race/ethnicity_group B,race/ethnicity_group C,race/ethnicity_group D,race/ethnicity_group E,parental level of education_bachelor's degree,parental level of education_high school,parental level of education_master's degree,parental level of education_some college,parental level of education_some high school,lunch_standard,test preparation course_none
0,0.3900235098032764,0.18188957072316003,0.39565153531427044,False,True,False,False,False,True,False,False,False,False,True,True
1,0.19207552648237824,1.5341298195396635,1.3706773220419222,False,False,True,False,False,False,False,False,True,False,True,False
2,1.577711409728665,1.9097521108775812,1.7189008173017977,False,True,False,False,False,False,False,True,False,False,True,True
3,-1.2595430178708746,-0.9449773032905928,-1.693689436244983,True,False,False,False,False,False,False,False,False,False,False,True
4,0.6539541542311406,0.6326363203286612,0.46529623436624556,True,False,True,False,False,False,False,False,True,False,True,True
5,0.32404084869631034,1.0082586116665788,0.6742303315221709,False,True,False,False,False,False,False,False,False,False,True,True
6,1.445746087514733,1.9097521108775812,1.6492561182498227,False,True,False,False,False,False,False,False,True,False,True,False
7,-1.721421645619637,-1.9967197190367623,-2.0419129315048585,True,True,False,False,False,False,False,False,True,False,False,True
8,-0.13783777905245198,-0.4191060954175082,-0.09186135804955536,True,False,False,True,False,False,True,False,False,False,False,False
9,-1.853386967833569,-0.7196039284878423,-1.2758212419331323,False,True,False,False,False,False,True,False,False,False,False,True
10,-0.5337337456942483,-1.0675827619988856e-15,0.047428040054394875,True,False,True,False,False,False,False,False,False,False,True,True
11,-1.721421645619637,-1.3205995946285105,-1.7633341352969583,True,False,False,True,False,False,False,False,False,False,True,True
12,-0.07185511794548592,0.8580096951314118,0.3260068362622954,False,True,False,False,False,False,True,False,False,False,True,True
13,0.7859194764450727,0.18188957072316003,0.11707273910636999,True,False,False,False,False,False,False,False,True,False,True,False
14,-1.0615950345499765,-1.2454751363609269,-0.7186636495173314,False,False,False,False,False,False,False,True,False,False,True,True
15,0.19207552648237824,0.40726294552591064,0.6742303315221709,False,False,True,False,False,False,False,False,False,True,True,True
16,1.445746087514733,1.45900536127208,1.231387923937972,True,False,True,False,False,False,True,False,False,False,True,True
17,-3.1730401899728897,-2.823088759980181,-2.8080046210765848,False,True,False,False,False,False,False,False,False,True,False,True
18,-1.3255256789778407,-2.071844177304346,-1.5544000381410328,True,False,True,False,False,False,False,True,False,False,False,False
19,-0.7976643901221123,-0.8698528450230093,-0.509729552361406,False,False,True,False,False,False,False,False,False,False,False,True
20,-0.005872456838519888,-0.04348380407959054,-0.37044015425745586,True,False,False,True,False,False,True,False,False,False,True,True
21,-0.07185511794548592,0.40726294552591064,0.11707273910636999,False,True,False,False,False,False,False,False,True,False,False,False
22,-1.4574910011917728,-1.1703506780933435,-1.066887144777207,True,False,False,True,False,False,False,False,True,False,True,True
23,0.19207552648237824,-1.0675827619988856e-15,0.047428040054394875,False,False,True,False,False,False,False,False,False,False,True,True
24,0.5219888320172085,0.10676511245557652,0.8135197296261212,True,False,False,True,False,True,False,False,False,False,False,False
25,0.45600617091024237,-1.0675827619988856e-15,0.25636213721032025,True,False,False,False,False,False,False,True,False,False,False,True
26,0.19207552648237824,-1.1703506780933435,-0.9275977466732568,True,True,False,False,False,False,False,False,True,False,True,True
27,0.060110204268446155,-0.04348380407959054,0.46529623436624556,False,False,True,False,False,True,False,False,False,False,True,True
28,0.2580581875893443,0.031640654187992986,-0.2311507561535056,True,False,True,False,False,False,True,False,False,False,True,True
29,-0.26980310126638407,0.031640654187992986,0.46529623436624556,False,False,False,True,False,False,False,True,False,False,True,True
30,0.19207552648237824,-1.0675827619988856e-15,0.047428040054394875,False,False,False,True,False,False,False,False,False,False,True,True
31,-0.203820440159418,-0.34398163714992464,-0.509729552361406,False,True,False,False,False,False,False,False,True,False,True,True
32,-0.6656990679081803,0.18188957072316003,-0.2311507561535056,False,False,False,False,True,False,False,True,False,False,False,True
33,-1.721421645619637,-2.071844177304346,-2.1115576305568338,True,False,False,True,False,False,False,False,True,False,True,True
34,2.0395900374774274,1.3087564447369129,0.9528091277300714,True,False,False,False,True,False,False,False,True,False,True,True
35,0.9838674597659707,0.8580096951314118,0.7438750305741461,True,False,False,False,True,False,False,False,False,False,True,False
36,0.5219888320172085,0.8580096951314118,1.0224538267820464,False,False,False,True,False,False,False,False,False,False,True,True
37,-1.0615950345499765,-0.4191060954175082,-0.6490189504653563,False,False,False,True,False,False,False,False,False,True,False,True
38,0.5879714931241745,1.5341298195396635,1.3706773220419222,False,False,False,True,False,False,False,False,False,False,False,False
39,-0.5997164068012143,-1.0675827619988856e-15,0.047428040054394875,True,True,False,False,False,False,False,False,False,False,False,True
40,-0.7316817290151464,-0.6444794702202588,-0.9972424457252319,True,False,True,False,False,False,False,False,False,False,False,True
41,-0.5337337456942483,0.25701402899074355,-0.022216658997580244,False,False,True,False,False,False,False,False,False,False,True,True
42,-0.8636470512290784,-0.8698528450230093,-0.2311507561535056,False,True,False,False,False,False,False,False,False,False,True,True
43,-0.46775108458728215,-0.34398163714992464,-0.1615060571015305,True,True,False,False,False,False,False,False,True,False,False,False
44,-1.0615950345499765,-1.0675827619988856e-15,-0.9972424457252319,False,False,False,False,True,False,False,False,False,False,False,True
45,-0.07185511794548592,-1.1703506780933435,-0.7883083485693065,True,True,False,False,False,False,False,False,False,False,True,True
46,-0.7316817290151464,-0.34398163714992464,-0.440084853309431,False,False,False,False,False,False,False,False,False,False,True,False
47,-0.005872456838519888,0.10676511245557652,0.5349409334182207,False,False,True,False,False,False,True,False,False,False,True,True
48,-0.5997164068012143,0.33213848725832706,0.5349409334182207,False,False,False,True,False,False,False,False,False,False,False,False
49,1.0498501208729367,1.0833830699341624,0.9528091277300714,True,False,True,False,False,False,True,False,False,False,True,False
50,-0.8636470512290784,-1.0952262198257599,-1.4151106400370825,True,False,False,False,True,False,False,False,True,False,True,True
51,0.7199368153381066,-0.04348380407959054,-0.022216658997580244,True,False,False,False,True,False,False,False,False,False,False,False
52,-0.8636470512290784,-1.9215952607691786,-1.8329788343489333,True,False,True,False,False,False,False,False,True,False,True,True
53,1.445746087514733,0.6326363203286612,0.46529623436624556,True,False,False,True,False,False,True,False,False,False,True,True
54,0.32404084869631034,-1.0675827619988856e-15,0.047428040054394875,False,False,True,False,False,False,False,False,False,False,False,False
55,-2.183300273368399,-1.0675827619988856e-15,-1.7633341352969583,False,False,True,False,False,False,True,False,False,False,False,True
56,1.0498501208729367,1.1585075282017459,1.231387923937972,False,False,False,False,True,False,False,False,False,False,True,False
57,-0.9296297123360444,-1.0952262198257599,-1.3454659409851075,True,False,False,True,False,False,False,False,False,False,True,True
58,-0.5337337456942483,-0.7947283867554258,-0.7186636495173314,True,False,False,True,False,False,False,False,True,False,True,False
59,-4.360728089898279,-1.0675827619988856e-15,0.047428040054394875,False,False,True,False,False,False,False,False,False,False,False,True
60,0.8519021375520386,0.33213848725832706,0.25636213721032025,True,False,False,False,True,True,False,False,False,False,False,False
61,-1.787404306726603,-2.2972175521070963,-2.3901364267647343,True,False,False,False,False,False,False,False,False,True,False,True
62,-0.26980310126638407,-0.6444794702202588,-0.9275977466732568,True,False,False,False,False,False,False,False,False,False,False,True
63,0.19207552648237824,-1.0675827619988856e-15,0.1867174381583451,False,False,True,False,False,False,False,False,False,False,True,True
64,-0.46775108458728215,-0.8698528450230093,-0.6490189504653563,False,False,False,True,False,False,False,False,False,True,True,True
65,0.060110204268446155,-0.4191060954175082,-0.509729552361406,True,True,False,False,False,False,False,False,False,True,True,True
66,-1.3915083400848067,-1.0675827619988856e-15,0.047428040054394875,True,False,False,True,False,False,False,False,False,False,False,True
67,-0.4017684234803161,-1.0675827619988856e-15,0.047428040054394875,False,False,True,False,False,False,False,False,False,False,True,True
68,-0.3357857623733501,-0.8698528450230093,-0.8579530476212817,True,True,False,False,False,False,False,False,False,False,False,True
69,-1.787404306726603,-0.4191060954175082,-0.7883083485693065,False,False,True,False,False,False,False,False,False,False,True,True
70,-0.5337337456942483,-1.0675827619988856e-15,0.047428040054394875,False,False,False,True,False,False,False,False,False,False,False,False
71,-0.203820440159418,-1.0952262198257599,-0.37044015425745586,True,False,False,True,False,False,False,False,True,False,True,False
72,-1.655438984512671,-1.0675827619988856e-15,-1.4151106400370825,False,False,False,False,False,False,False,False,False,False,False,True
73,-0.3357857623733501,-0.9449773032905928,-0.8579530476212817,True,False,True,False,False,False,False,False,False,True,False,True
74,-1.1275776956569425,-1.5459729694312612,-1.9026235334009085,True,False,True,False,False,False,False,False,False,True,True,True
75,-1.4574910011917728,-2.1469686355719295,-2.1115576305568338,True,True,False,False,False,False,False,False,False,False,False,True
76,-2.381248256689297,-1.0675827619988856e-15,0.047428040054394875,True,False,False,False,True,False,False,False,False,False,True,True
77,0.9178847986590046,0.6326363203286612,0.8831644286780963,True,False,False,False,False,True,False,False,False,False,True,False
78,-0.3357857623733501,0.33213848725832706,0.25636213721032025,False,False,False,True,False,False,False,False,False,True,True,False
79,-0.26980310126638407,-0.11860826234717407,-0.022216658997580244,False,False,False,False,True,False,False,True,False,False,True,True
80,-1.2595430178708746,-1.5459729694312612,-1.2758212419331323,False,True,False,False,False,False,False,False,False,False,True,True
81,-1.1275776956569425,-1.8464708025015952,-1.624044737193008,True,True,False,False,False,False,True,False,False,False,False,True
82,-1.0615950345499765,-1.6962218859664282,-0.9972424457252319,True,False,False,False,False,False,False,False,True,False,False,False
83,0.3900235098032764,-0.4191060954175082,-0.37044015425745586,True,False,False,False,True,False,False,False,False,False,True,True
84,-1.5894563234057049,-2.2972175521070963,-2.3901364267647343,True,False,False,True,False,False,True,False,False,False,False,True
85,0.45600617091024237,0.7828852368638283,0.9528091277300714,False,False,True,False,False,False,False,False,True,False,True,True
86,0.6539541542311406,-1.0675827619988856e-15,1.3706773220419222,False,False,True,False,False,False,False,False,True,False,False,True
87,0.32404084869631034,0.10676511245557652,0.39565153531427044,False,False,False,True,False,False,False,False,False,False,True,True
88,-0.5337337456942483,-1.0675827619988856e-15,-0.09186135804955536,False,False,False,False,False,False,False,False,False,False,True,True
89,0.45600617091024237,1.2336319864693295,0.9528091277300714,False,False,False,True,False,False,False,False,False,True,True,True
90,-0.07185511794548592,0.18188957072316003,0.39565153531427044,False,False,True,False,False,True,False,False,False,False,True,True
91,-2.5791962400101953,-2.672839843445014,-2.2508470286607842,True,False,True,False,False,False,True,False,False,False,False,True
92,0.32404084869631034,0.7077607785962448,0.1867174381583451,True,False,True,False,False,False,True,False,False,False,True,True
93,-1.5234736622987388,-1.8464708025015952,-1.2758212419331323,True,False,True,False,False,False,False,False,False,False,False,False
94,0.8519021375520386,1.2336319864693295,1.6492561182498227,False,True,False,False,False,False,False,False,True,False,True,True
95,0.7859194764450727,0.8580096951314118,0.9528091277300714,True,False,True,False,False,False,False,False,False,False,False,False
96,-0.07185511794548592,-1.0675827619988856e-15,0.047428040054394875,True,True,False,False,False,False,False,False,False,False,True,False
97,-0.203820440159418,0.18188957072316003,0.11707273910636999,False,False,False,False,True,False,False,False,True,False,True,False
98,-0.5337337456942483,-0.1937327206147576,-0.440084853309431,False,False,False,True,False,False,False,False,True,False,False,True
99,-0.07185511794548592,-0.1937327206147576,-0.440084853309431,False,False,False,True,False,True,False,False,False,False,True,True
100,0.8519021375520386,-0.1937327206147576,-0.09186135804955536,True,True,False,False,False,False,False,False,True,False,True,True
101,0.1260928653754122,-1.0675827619988856e-15,0.047428040054394875,True,False,False,True,False,False,False,False,False,False,True,False
102,1.2477981041938349,1.609254277807247,1.4403220210938972,False,False,False,True,False,False,False,False,False,False,True,True
103,-0.4017684234803161,-1.9215952607691786,-1.4847553390890578,True,True,False,False,False,False,True,False,False,False,True,False
104,2.1055726985843934,1.2336319864693295,1.5099667201458724,True,False,True,False,False,False,False,False,True,False,True,False
105,-0.5337337456942483,-0.1937327206147576,0.25636213721032025,False,False,True,False,False,False,False,False,True,False,True,True
106,1.379763426407767,2.2853744022154987,2.2064137106656236,False,False,False,True,False,False,False,True,False,False,True,True
107,-0.005872456838519888,-1.0675827619988856e-15,0.047428040054394875,True,False,False,False,True,False,False,False,False,False,True,False
108,-0.9296297123360444,0.48238740379349415,0.11707273910636999,False,True,False,False,False,False,False,False,False,False,False,True
109,0.2580581875893443,-0.4191060954175082,0.25636213721032025,False,True,False,False,False,False,False,False,False,True,True,True
110,0.7199368153381066,1.45900536127208,2.067124312561673,False,False,False,True,False,False,False,False,False,False,False,False
111,-0.26980310126638407,-1.0952262198257599,-1.3454659409851075,True,False,True,False,False,False,True,False,False,False,True,True
112,-0.7976643901221123,-1.2454751363609269,-1.4847553390890578,True,False,False,False,False,False,False,False,False,False,True,True
113,-0.9956123734430105,-0.8698528450230093,-0.9972424457252319,False,False,False,True,False,False,False,False,True,False,True,True
114,2.1715553596913595,2.2853744022154987,2.2064137106656236,False,False,False,False,True,True,False,False,False,False,True,False
115,1.1818154430868688,0.5575118620610777,0.39565153531427044,True,False,True,False,False,False,True,False,False,False,True,True
116,0.5879714931241745,1.1585075282017459,0.9528091277300714,False,True,False,False,False,True,False,False,False,False,False,True
117,0.7859194764450727,0.9331341533989953,0.7438750305741461,False,False,False,True,False,True,False,False,False,False,True,True
118,-0.9956123734430105,-0.4942305536850917,-0.509729552361406,False,False,False,True,False,False,False,False,False,True,True,True
119,-0.7316817290151464,-0.04348380407959054,-0.2311507561535056,False,False,True,False,False,False,False,False,True,False,True,True
120,0.8519021375520386,-1.0675827619988856e-15,1.4403220210938972,False,False,True,False,False,True,False,False,False,False,True,False
121,1.6436940708356311,1.45900536127208,1.6492561182498227,True,True,False,False,False,False,False,False,False,False,True,False
122,1.445746087514733,1.7595031943424142,1.7189008173017977,False,False,True,False,False,False,False,False,True,False,True,False
123,-0.203820440159418,-0.9449773032905928,-0.8579530476212817,True,False,False,True,False,False,True,False,False,False,False,True
124,1.1158327819799028,0.7828852368638283,0.3260068362622954,True,False,False,False,True,False,False,False,True,False,True,True
125,1.379763426407767,1.9097521108775812,1.231387923937972,False,True,False,False,False,False,True,False,False,False,True,True
126,0.3900235098032764,-0.11860826234717407,-0.09186135804955536,True,True,False,False,False,False,False,False,False,True,True,True
127,-0.07185511794548592,0.5575118620610777,0.39565153531427044,True,False,False,True,False,False,False,False,True,False,True,False
128,1.0498501208729367,0.9331341533989953,0.39565153531427044,True,False,False,True,False,False,False,True,False,False,True,True
129,-0.9956123734430105,-1.5459729694312612,-1.2061765428811573,False,False,False,False,False,True,False,False,False,False,True,True
130,1.511728748621699,1.0833830699341624,0.9528091277300714,True,False,False,True,False,False,False,True,False,False,True,True
131,-0.8636470512290784,-2.4474664686422636,-1.9722682324528835,True,False,True,False,False,False,False,False,False,True,False,False
132,1.379763426407767,0.33213848725832706,0.11707273910636999,True,False,False,False,True,False,False,False,True,False,False,False
133,0.5879714931241745,0.8580096951314118,1.0920985258340217,False,False,True,False,False,False,False,False,True,False,True,False
134,0.5219888320172085,0.7077607785962448,0.46529623436624556,True,False,False,True,False,True,False,False,False,False,False,False
135,-0.5337337456942483,-1.0952262198257599,-1.4151106400370825,True,False,True,False,False,True,False,False,False,False,True,True
136,-0.9956123734430105,-1.0675827619988856e-15,0.047428040054394875,True,True,False,False,False,False,False,False,False,False,True,False
137,0.2580581875893443,-1.0952262198257599,-0.8579530476212817,True,False,False,False,True,False,True,False,False,False,True,True
138,-0.46775108458728215,-0.2688571788823411,-0.09186135804955536,False,False,True,False,False,False,False,False,False,False,True,True
139,0.32404084869631034,-1.0675827619988856e-15,0.047428040054394875,True,False,False,True,False,False,False,False,False,False,True,False
140,0.6539541542311406,0.18188957072316003,0.1867174381583451,False,False,False,True,False,False,False,False,False,True,True,True
141,-0.46775108458728215,-0.5693550119526752,-0.30079545520548073,False,False,True,False,False,False,False,False,True,False,False,True
142,-1.5894563234057049,-1.0952262198257599,-0.9972424457252319,False,False,False,False,True,False,False,False,True,False,False,False
143,-0.5997164068012143,-1.9967197190367623,-1.4847553390890578,True,False,False,False,False,False,True,False,False,False,True,True
144,1.445746087514733,0.25701402899074355,0.6742303315221709,True,False,False,True,False,False,False,False,True,False,True,True
145,-2.9091095455450255,-2.2972175521070963,-2.4597811258167095,False,False,True,False,False,False,False,False,True,False,False,True
146,1.445746087514733,1.0833830699341624,0.46529623436624556,True,True,False,False,False,False,False,False,False,True,True,True
147,0.45600617091024237,-0.11860826234717407,-0.1615060571015305,True,False,True,False,False,False,False,False,False,False,False,True
148,0.1260928653754122,0.40726294552591064,0.8831644286780963,False,False,False,True,False,True,False,False,False,False,True,False
149,2.2375380207983255,2.2853744022154987,1.7189008173017977,True,False,False,False,True,False,False,False,False,False,False,False
150,-0.26980310126638407,-0.1937327206147576,0.047428040054394875,True,False,False,False,False,False,False,False,False,True,True,False
151,0.7199368153381066,-0.1937327206147576,-0.022216658997580244,True,False,False,False,False,True,False,False,False,False,True,True
152,-0.46775108458728215,0.031640654187992986,-0.1615060571015305,False,True,False,False,False,False,False,False,False,False,True,False
153,-0.7976643901221123,-1.5459729694312612,-1.4847553390890578,True,False,False,True,False,True,False,False,False,False,True,True
154,-0.26980310126638407,-0.1937327206147576,-0.509729552361406,True,False,False,True,False,False,False,False,False,True,True,True
155,0.2580581875893443,1.45900536127208,1.3706773220419222,False,False,True,False,False,False,False,False,True,False,True,False
156,-0.005872456838519888,0.33213848725832706,0.6742303315221709,False,False,False,False,True,False,True,False,False,False,False,False
157,-0.4017684234803161,-0.7196039284878423,-0.5793742514133812,True,True,False,False,False,False,False,False,True,False,False,True
158,-0.3357857623733501,1.2336319864693295,1.301032622989947,False,True,False,False,False,False,False,False,False,False,True,False
159,-0.005872456838519888,-0.5693550119526752,-0.30079545520548073,True,False,False,True,False,False,False,False,False,False,False,True
160,1.0498501208729367,0.6326363203286612,0.39565153531427044,True,True,False,False,False,False,False,False,False,False,False,False
161,0.5879714931241745,1.3838809030044965,1.1617432248859967,False,False,False,False,True,False,False,False,True,False,False,False
162,-1.1275776956569425,-1.2454751363609269,-1.136531843829182,True,True,False,False,False,False,False,True,False,False,False,True
163,-0.9296297123360444,-1.2454751363609269,-1.3454659409851075,True,False,True,False,False,False,True,False,False,False,True,True
164,0.9838674597659707,1.6843787360748306,1.5796114191978474,False,False,False,False,True,False,False,True,False,False,True,True
165,1.9736073763704614,2.2853744022154987,2.2064137106656236,False,False,True,False,False,True,False,False,False,False,True,False
166,-0.8636470512290784,-1.3957240528960941,-1.2061765428811573,True,False,True,False,False,False,True,False,False,False,False,False
167,-0.5337337456942483,0.48238740379349415,0.6742303315221709,False,True,False,False,False,False,False,True,False,False,False,False
168,0.1260928653754122,-1.0675827619988856e-15,0.6742303315221709,False,True,False,False,False,False,True,False,False,False,True,False
169,0.060110204268446155,0.40726294552591064,0.11707273910636999,False,False,True,False,False,False,False,False,True,False,False,False
170,0.3900235098032764,0.25701402899074355,0.39565153531427044,True,False,False,False,False,False,True,False,False,False,True,False
171,1.8416420541565293,1.3838809030044965,0.6742303315221709,True,False,False,False,True,False,False,False,False,True,True,True
172,0.8519021375520386,1.2336319864693295,0.8831644286780963,False,False,False,True,False,False,False,False,True,False,True,True
173,-0.203820440159418,-0.1937327206147576,0.11707273910636999,False,False,True,False,False,False,False,False,False,False,True,True
174,-1.5234736622987388,-1.0675827619988856e-15,0.047428040054394875,False,False,True,False,False,False,False,False,False,False,False,False
175,0.9838674597659707,1.609254277807247,1.301032622989947,False,False,True,False,False,False,False,True,False,False,True,False
176,-1.3255256789778407,-1.1703506780933435,-0.7186636495173314,False,True,False,False,False,False,True,False,False,False,False,False
177,0.32404084869631034,0.5575118620610777,0.6045856324701958,False,False,True,False,False,False,False,False,False,False,True,False
178,-0.9296297123360444,0.031640654187992986,-0.440084853309431,False,True,False,False,False,False,False,True,False,False,False,False
179,2.0395900374774274,2.2853744022154987,2.2064137106656236,False,False,False,True,False,False,False,False,False,True,True,False
180,-0.26980310126638407,-0.11860826234717407,0.46529623436624556,True,False,True,False,False,False,False,True,False,False,False,False
181,-1.3255256789778407,-0.4191060954175082,-0.1615060571015305,False,False,True,False,False,False,False,False,True,False,False,True
182,-1.0615950345499765,-1.4708485111636775,-1.4847553390890578,False,False,False,False,True,False,True,False,False,False,True,True
183,-0.07185511794548592,-0.04348380407959054,0.11707273910636999,False,False,False,True,False,False,False,False,False,False,True,True
184,-1.3915083400848067,-1.0675827619988856e-15,-1.3454659409851075,True,False,True,False,False,False,False,False,False,True,False,False
185,-0.07185511794548592,-0.1937327206147576,-0.2311507561535056,True,False,True,False,False,False,False,False,False,False,False,False
186,0.9178847986590046,0.48238740379349415,-0.2311507561535056,True,False,False,False,True,False,True,False,False,False,True,True
187,-0.26980310126638407,-0.2688571788823411,-0.022216658997580244,True,False,False,True,False,False,False,False,False,True,True,False
188,-1.1935603567639086,-1.3205995946285105,-1.624044737193008,True,True,False,False,False,False,False,False,False,True,False,True
189,0.7199368153381066,1.3838809030044965,1.301032622989947,False,False,True,False,False,True,False,False,False,False,True,True
190,-0.005872456838519888,-0.34398163714992464,0.047428040054394875,False,False,False,False,True,False,False,False,False,False,True,True
191,0.6539541542311406,1.0082586116665788,0.7438750305741461,True,False,False,True,False,False,False,False,True,False,True,False
192,-0.26980310126638407,-0.4191060954175082,-0.1615060571015305,False,True,False,False,False,False,False,False,False,True,True,True
193,0.7199368153381066,-0.5693550119526752,-0.440084853309431,True,False,False,True,False,False,False,False,True,False,True,False
194,0.19207552648237824,1.0833830699341624,1.1617432248859967,False,False,True,False,False,False,False,True,False,False,True,False
195,-0.3357857623733501,-1.0952262198257599,-1.136531843829182,True,False,False,True,False,False,False,False,False,False,True,True
196,-0.46775108458728215,-0.04348380407959054,-0.2311507561535056,True,False,True,False,False,False,False,False,False,True,False,False
197,-0.7316817290151464,-1.0201017615581764,-1.2061765428811573,True,False,False,False,True,False,True,False,False,False,False,True
198,-1.3915083400848067,-1.0675827619988856e-15,0.047428040054394875,False,True,False,False,False,False,False,False,False,False,False,True
199,0.7859194764450727,0.7077607785962448,0.5349409334182207,False,True,False,False,False,True,False,False,False,False,False,True
200,0.060110204268446155,1.0833830699341624,1.231387923937972,False,False,True,False,False,False,False,False,False,False,True,False
201,-0.07185511794548592,0.8580096951314118,0.6045856324701958,False,False,False,True,False,False,False,False,True,False,False,True
202,0.19207552648237824,0.5575118620610777,0.047428040054394875,True,False,True,False,False,False,False,False,False,False,True,True
203,-0.5997164068012143,-0.04348380407959054,-0.022216658997580244,False,True,False,False,False,False,False,False,False,False,True,True
204,-0.46775108458728215,-2.1469686355719295,-1.8329788343489333,True,False,True,False,False,False,False,False,True,False,True,True
205,0.5219888320172085,0.10676511245557652,0.6742303315221709,True,False,False,True,False,False,False,False,False,True,True,False
206,1.0498501208729367,-0.5693550119526752,-0.440084853309431,True,False,False,False,True,True,False,False,False,False,True,True
207,0.9838674597659707,0.7828852368638283,0.5349409334182207,True,False,False,False,True,False,True,False,False,False,True,False
208,0.5219888320172085,0.8580096951314118,0.5349409334182207,False,True,False,False,False,False,False,False,True,False,False,True
209,-0.5337337456942483,-1.0675827619988856e-15,0.047428040054394875,False,True,False,False,False,False,False,False,False,False,False,True
210,0.9178847986590046,-1.0675827619988856e-15,0.047428040054394875,True,False,False,True,False,False,False,False,False,False,False,False
211,-2.051334951154467,-3.1235865930505153,-2.87764932012856,True,False,True,False,False,False,False,False,True,False,False,True
212,-1.5894563234057049,-0.5693550119526752,-0.5793742514133812,False,False,True,False,False,False,True,False,False,False,False,True
213,-0.4017684234803161,-1.3957240528960941,-0.8579530476212817,True,False,True,False,False,False,False,False,False,False,False,False
214,1.379763426407767,1.609254277807247,0.8831644286780963,True,False,False,False,True,False,True,False,False,False,True,False
215,1.1818154430868688,-1.0675827619988856e-15,0.46529623436624556,True,True,False,False,False,False,False,False,False,True,True,False
216,1.1158327819799028,1.2336319864693295,1.3706773220419222,False,False,False,False,True,False,False,False,False,False,False,False
217,-2.117317612261433,-2.071844177304346,-2.0419129315048585,False,False,True,False,False,False,True,False,False,False,False,True
218,-0.005872456838519888,-1.0675827619988856e-15,0.11707273910636999,True,True,False,False,False,False,False,False,False,False,False,True
219,-0.3357857623733501,-1.0201017615581764,-0.8579530476212817,True,True,False,False,False,False,False,False,False,True,True,False
220,-0.6656990679081803,-0.11860826234717407,0.39565153531427044,False,False,False,True,False,False,True,False,False,False,True,False
221,1.379763426407767,-1.0675827619988856e-15,0.047428040054394875,True,True,False,False,False,False,False,False,False,False,True,True
222,-0.7316817290151464,-0.34398163714992464,-0.440084853309431,False,False,True,False,False,False,False,False,False,True,False,True
223,1.313780765300801,0.7828852368638283,0.46529623436624556,True,False,False,True,False,False,False,False,False,True,True,True
224,-0.9296297123360444,-0.2688571788823411,0.3260068362622954,False,True,False,False,False,False,False,False,False,False,True,False
225,-1.3915083400848067,-1.0201017615581764,-0.9972424457252319,False,False,False,False,True,False,False,True,False,False,False,True
226,0.3900235098032764,0.18188957072316003,0.1867174381583451,False,False,True,False,False,False,False,False,True,False,True,True
227,-0.5997164068012143,-1.4708485111636775,-0.9972424457252319,True,False,False,True,False,False,True,False,False,False,True,True
228,0.1260928653754122,0.18188957072316003,-0.30079545520548073,True,False,False,False,False,False,False,False,False,True,False,True
229,1.445746087514733,1.9097521108775812,1.788545516353773,False,False,True,False,False,False,False,False,True,False,True,False
230,0.6539541542311406,-0.4191060954175082,-0.1615060571015305,True,False,False,True,False,False,False,False,True,False,True,True
231,-1.3255256789778407,-1.9967197190367623,-1.8329788343489333,True,False,True,False,False,False,False,False,False,False,True,True
232,0.060110204268446155,1.2336319864693295,1.0224538267820464,False,True,False,False,False,True,False,False,False,False,True,True
233,1.7096767319425972,1.3087564447369129,0.6742303315221709,True,False,False,False,True,False,False,False,False,True,True,True
234,1.1158327819799028,0.9331341533989953,1.0920985258340217,True,False,True,False,False,True,False,False,False,False,True,False
235,0.9178847986590046,-1.0675827619988856e-15,0.047428040054394875,True,False,False,True,False,False,False,False,False,False,True,True
236,-0.203820440159418,-0.2688571788823411,-0.09186135804955536,True,False,False,True,False,True,False,False,False,False,False,True
237,-0.13783777905245198,-1.0675827619988856e-15,0.39565153531427044,False,False,False,True,False,False,False,False,False,True,True,False
238,-0.7976643901221123,-1.3205995946285105,-1.2061765428811573,True,True,False,False,False,False,False,False,True,False,True,True
239,1.1818154430868688,0.7828852368638283,0.8135197296261212,True,False,True,False,False,False,False,False,False,False,True,True
240,0.45600617091024237,-0.11860826234717407,-0.1615060571015305,True,False,False,True,False,False,True,False,False,False,False,False
241,0.9178847986590046,1.0082586116665788,1.0224538267820464,False,False,False,False,True,True,False,False,False,False,True,True
242,-0.6656990679081803,-1.3205995946285105,-0.9275977466732568,False,False,False,True,False,False,True,False,False,False,True,True
243,-0.46775108458728215,-1.3957240528960941,-1.7633341352969583,True,False,False,False,True,False,False,False,True,False,True,True
244,0.5879714931241745,-1.0675827619988856e-15,0.047428040054394875,True,False,False,True,False,False,False,False,False,True,True,True
245,1.2477981041938349,0.48238740379349415,0.1867174381583451,True,False,True,False,False,False,False,False,False,False,True,True
246,1.511728748621699,0.48238740379349415,0.39565153531427044,True,False,False,False,True,False,False,False,False,False,True,True
247,-0.5337337456942483,-1.0675827619988856e-15,-0.022216658997580244,False,True,False,False,False,False,True,False,False,False,True,False
248,-0.07185511794548592,-0.4191060954175082,-0.440084853309431,False,True,False,False,False,False,True,False,False,False,True,True
249,0.1260928653754122,-0.7196039284878423,-1.066887144777207,True,False,True,False,False,False,True,False,False,False,True,True
250,-1.2595430178708746,-1.5459729694312612,-1.3454659409851075,True,False,False,False,False,False,False,False,False,True,True,False
251,0.32404084869631034,1.0082586116665788,1.0224538267820464,False,False,False,True,False,False,False,False,True,False,False,True
252,-0.4017684234803161,0.031640654187992986,0.11707273910636999,False,True,False,False,False,False,False,False,False,True,True,False
253,0.9178847986590046,0.7828852368638283,0.25636213721032025,True,False,False,True,False,False,False,True,False,False,True,True
254,-0.7976643901221123,-1.3205995946285105,-1.136531843829182,True,False,False,True,False,False,True,False,False,False,True,True
255,-0.26980310126638407,0.25701402899074355,0.11707273910636999,False,False,False,False,True,False,False,False,True,False,True,True
256,-0.13783777905245198,-1.0675827619988856e-15,-0.022216658997580244,False,False,True,False,False,False,False,False,False,False,False,True
257,0.7859194764450727,0.5575118620610777,0.6045856324701958,True,False,True,False,False,False,False,False,False,False,True,False
258,0.2580581875893443,0.40726294552591064,0.6742303315221709,False,True,False,False,False,False,False,False,True,False,True,True
259,-0.07185511794548592,0.8580096951314118,0.8831644286780963,False,False,True,False,False,False,False,True,False,False,False,False
260,-0.13783777905245198,-1.0675827619988856e-15,0.6045856324701958,False,False,True,False,False,False,False,False,False,True,False,False
261,0.8519021375520386,-1.0675827619988856e-15,0.047428040054394875,True,False,True,False,False,False,False,False,False,False,True,False
262,-1.4574910011917728,-1.4708485111636775,-1.2061765428811573,False,False,True,False,False,False,False,False,False,True,False,True
263,2.1715553596913595,1.7595031943424142,1.5099667201458724,False,False,False,False,True,False,True,False,False,False,True,True
264,0.6539541542311406,0.25701402899074355,-0.022216658997580244,True,False,False,True,False,False,True,False,False,False,True,True
265,-0.46775108458728215,-1.0675827619988856e-15,-1.9026235334009085,True,False,False,True,False,False,False,False,False,True,False,True
266,-0.203820440159418,0.40726294552591064,0.8831644286780963,False,False,True,False,False,True,False,False,False,False,True,True
267,0.19207552648237824,0.18188957072316003,0.6045856324701958,False,False,False,True,False,False,True,False,False,False,True,True
268,1.445746087514733,1.6843787360748306,1.858190215405748,False,False,False,True,False,False,False,False,False,False,True,False
269,0.32404084869631034,0.48238740379349415,0.11707273910636999,False,False,False,False,True,False,False,False,True,False,False,True
270,0.19207552648237824,-0.4942305536850917,-0.509729552361406,True,False,True,False,False,True,False,False,False,False,True,True
271,-0.5337337456942483,-1.5459729694312612,-1.8329788343489333,True,False,True,False,False,False,False,False,True,False,True,True
272,-1.2595430178708746,-1.2454751363609269,-0.7186636495173314,False,False,False,True,False,False,False,False,False,False,False,True
273,-0.07185511794548592,0.031640654187992986,0.1867174381583451,False,False,False,True,False,False,False,False,True,False,True,True
274,1.445746087514733,1.1585075282017459,0.5349409334182207,True,True,False,False,False,False,False,False,True,False,True,False
275,1.1158327819799028,-1.0675827619988856e-15,0.047428040054394875,True,False,True,False,False,False,False,False,False,False,True,True
276,1.2477981041938349,1.6843787360748306,1.7189008173017977,False,False,True,False,False,False,False,False,False,True,True,False
277,-0.46775108458728215,-1.0675827619988856e-15,0.047428040054394875,False,False,False,False,True,False,False,False,False,False,True,False
278,-0.07185511794548592,1.2336319864693295,0.8135197296261212,False,False,True,False,False,False,False,False,False,True,False,True
279,0.45600617091024237,-1.0201017615581764,-0.7883083485693065,True,True,False,False,False,True,False,False,False,False,False,True
280,-0.8636470512290784,-1.0675827619988856e-15,0.047428040054394875,True,False,False,True,False,False,False,False,False,False,True,True
281,-1.3915083400848067,-1.0675827619988856e-15,-1.5544000381410328,True,False,False,True,False,False,True,False,False,False,True,True
282,0.45600617091024237,0.7077607785962448,1.0920985258340217,False,False,False,True,False,True,False,False,False,False,False,True
283,0.2580581875893443,0.6326363203286612,0.6742303315221709,False,False,False,True,False,False,False,False,True,False,False,False
284,-1.919369628940535,-1.7713463442340116,-1.5544000381410328,False,True,False,False,False,False,False,False,False,True,True,True
285,0.9838674597659707,0.9331341533989953,0.9528091277300714,True,True,False,False,False,False,False,False,False,False,True,False
286,2.0395900374774274,0.9331341533989953,1.3706773220419222,True,False,False,False,True,False,False,False,False,False,True,False
287,0.060110204268446155,1.45900536127208,0.9528091277300714,False,True,False,False,False,False,False,False,False,True,True,True
288,1.445746087514733,0.40726294552591064,0.5349409334182207,True,True,False,False,False,True,False,False,False,False,False,True
289,0.7199368153381066,-1.0675827619988856e-15,0.047428040054394875,True,False,False,False,True,False,False,False,False,False,True,False
290,0.6539541542311406,0.031640654187992986,-0.022216658997580244,True,False,True,False,False,False,False,False,False,False,True,True
291,1.313780765300801,0.25701402899074355,0.11707273910636999,True,False,False,True,False,False,False,False,False,True,True,True
292,-0.203820440159418,-1.0675827619988856e-15,0.047428040054394875,True,False,True,False,False,False,False,False,False,False,True,False
293,-0.07185511794548592,0.25701402899074355,0.46529623436624556,False,False,False,False,True,True,False,False,False,False,True,True
294,0.7859194764450727,-1.0675827619988856e-15,0.8135197296261212,True,False,False,True,False,False,True,False,False,False,False,False
295,0.060110204268446155,-0.5693550119526752,-0.5793742514133812,True,True,False,False,False,False,False,False,False,False,False,True
296,-1.3255256789778407,-1.0675827619988856e-15,0.047428040054394875,True,False,False,False,False,False,False,False,False,False,True,False
297,0.32404084869631034,0.33213848725832706,-0.022216658997580244,True,False,False,False,True,False,False,False,False,False,True,False
298,-1.721421645619637,-1.7713463442340116,-1.2758212419331323,True,False,True,False,False,False,True,False,False,False,False,False
299,1.577711409728665,-1.0675827619988856e-15,0.047428040054394875,True,False,False,True,False,False,False,False,False,False,False,True
300,0.9838674597659707,0.6326363203286612,0.8831644286780963,True,False,False,False,False,False,False,False,True,False,False,False
301,-0.6656990679081803,-1.1703506780933435,-1.136531843829182,True,False,False,True,False,False,False,False,False,True,False,True
302,0.060110204268446155,1.0833830699341624,0.8831644286780963,False,False,True,False,False,False,False,False,False,False,True,False
303,0.9178847986590046,0.48238740379349415,-0.30079545520548073,True,True,False,False,False,False,False,False,False,False,True,True
304,0.5219888320172085,0.40726294552591064,1.0224538267820464,False,False,True,False,False,False,False,False,False,False,True,False
305,0.19207552648237824,-0.1937327206147576,0.047428040054394875,True,False,False,False,False,False,False,False,True,False,True,True
306,2.1715553596913595,1.3087564447369129,0.8831644286780963,True,False,False,False,True,False,False,False,True,False,True,False
307,-0.9956123734430105,-1.0675827619988856e-15,0.047428040054394875,True,False,True,False,False,False,False,False,False,False,True,True
308,-0.8636470512290784,0.10676511245557652,-0.09186135804955536,False,True,False,False,False,False,False,False,False,False,False,True
309,-1.1275776956569425,-0.9449773032905928,-1.136531843829182,False,False,False,True,False,False,True,False,False,False,False,True
310,0.45600617091024237,0.48238740379349415,0.8135197296261212,False,True,False,False,False,False,False,False,False,False,True,True
311,-0.005872456838519888,-0.7196039284878423,-0.7883083485693065,True,True,False,False,False,True,False,False,False,False,True,True
312,0.060110204268446155,-1.0675827619988856e-15,0.047428040054394875,True,False,False,True,False,False,False,False,False,False,True,False
313,0.1260928653754122,-0.1937327206147576,0.047428040054394875,False,False,True,False,False,False,False,False,False,False,False,False
314,-0.46775108458728215,-0.4191060954175082,0.46529623436624556,False,False,True,False,False,True,False,False,False,False,True,False
315,0.32404084869631034,-0.2688571788823411,-0.2311507561535056,True,False,True,False,False,False,True,False,False,False,True,True
316,0.7199368153381066,0.9331341533989953,1.5796114191978474,False,False,False,True,False,False,False,True,False,False,True,False
317,1.1158327819799028,0.18188957072316003,0.6742303315221709,True,False,True,False,False,False,False,False,False,False,True,True
318,-0.203820440159418,-1.0675827619988856e-15,0.047428040054394875,True,True,False,False,False,False,False,False,False,False,True,True
319,-0.6656990679081803,-1.0675827619988856e-15,0.047428040054394875,False,False,False,True,False,False,False,False,False,False,False,True
320,0.060110204268446155,0.7077607785962448,1.0920985258340217,False,False,True,False,False,False,True,False,False,False,False,False
321,0.5879714931241745,-1.0675827619988856e-15,0.7438750305741461,False,False,False,False,True,False,True,False,False,False,True,True
322,0.32404084869631034,0.8580096951314118,0.8135197296261212,False,False,True,False,False,False,False,False,True,False,True,True
323,-1.5234736622987388,-1.2454751363609269,-1.066887144777207,False,False,True,False,False,False,False,False,False,True,False,True
324,-1.655438984512671,-1.7713463442340116,-1.7633341352969583,False,False,True,False,False,False,True,False,False,False,False,True
325,1.0498501208729367,1.5341298195396635,1.788545516353773,False,False,True,False,False,False,False,False,True,False,True,True
326,-0.3357857623733501,-0.6444794702202588,-0.440084853309431,True,False,True,False,False,False,False,False,True,False,True,True
327,-2.5132135789032293,-1.0675827619988856e-15,0.047428040054394875,True,False,False,False,False,False,False,False,False,False,False,True
328,1.0498501208729367,-1.0675827619988856e-15,0.047428040054394875,True,False,True,False,False,False,False,False,False,False,True,False
329,-1.655438984512671,-1.0952262198257599,-1.2061765428811573,False,True,False,False,False,False,False,False,False,True,True,True
330,0.32404084869631034,-0.7196039284878423,-0.509729552361406,True,False,True,False,False,False,True,False,False,False,True,True
331,-1.2595430178708746,-2.4474664686422636,-2.320491727712759,True,False,True,False,False,False,False,False,False,False,True,True
332,-0.26980310126638407,-1.0201017615581764,-1.066887144777207,True,False,False,False,True,False,False,False,False,False,True,False
333,1.577711409728665,0.6326363203286612,0.8831644286780963,True,True,False,False,False,False,False,False,False,False,True,True
334,1.1158327819799028,1.7595031943424142,1.858190215405748,False,False,True,False,False,True,False,False,False,False,True,True
335,-0.3357857623733501,-0.11860826234717407,-0.1615060571015305,False,True,False,False,False,False,False,False,True,False,False,True
336,0.6539541542311406,0.031640654187992986,0.047428040054394875,True,False,False,True,False,False,False,False,False,True,True,False
337,-1.1275776956569425,-1.3957240528960941,-1.7633341352969583,True,False,True,False,False,False,False,False,False,False,True,True
338,-2.7771442233310935,-2.37234201037468,-2.87764932012856,False,True,False,False,False,False,False,False,False,True,False,True
339,-2.051334951154467,-1.0952262198257599,-0.5793742514133812,False,False,False,True,False,False,False,False,False,True,False,False
340,-0.5337337456942483,-0.6444794702202588,-1.136531843829182,True,False,True,False,False,False,True,False,False,False,False,True
341,-0.3357857623733501,0.25701402899074355,-0.37044015425745586,False,False,True,False,False,False,True,False,False,False,True,True
342,0.19207552648237824,0.48238740379349415,0.39565153531427044,False,True,False,False,False,False,True,False,False,False,True,False
343,0.060110204268446155,0.18188957072316003,-0.09186135804955536,True,False,False,True,False,False,False,False,False,False,True,False
344,0.8519021375520386,0.25701402899074355,-0.09186135804955536,True,False,False,True,False,False,False,False,True,False,True,True
345,0.3900235098032764,0.7828852368638283,0.46529623436624556,False,False,True,False,False,False,True,False,False,False,True,True
346,-0.26980310126638407,-1.0675827619988856e-15,0.047428040054394875,True,True,False,False,False,False,False,False,False,False,True,True
347,0.7199368153381066,1.8346276526099976,1.858190215405748,False,False,True,False,False,True,False,False,False,False,True,False
348,0.5879714931241745,0.33213848725832706,-0.1615060571015305,True,False,False,True,False,False,True,False,False,False,False,True
349,1.379763426407767,0.33213848725832706,0.5349409334182207,True,False,False,False,True,False,False,False,False,False,True,True
350,-0.9296297123360444,-0.34398163714992464,0.047428040054394875,False,True,False,False,False,True,False,False,False,False,True,True
351,-0.005872456838519888,-1.0675827619988856e-15,-1.136531843829182,True,False,False,False,True,False,False,False,True,False,True,True
352,-0.203820440159418,0.6326363203286612,0.8135197296261212,False,False,True,False,False,False,False,False,True,False,True,False
353,-1.3255256789778407,-0.8698528450230093,-0.7883083485693065,False,False,True,False,False,False,False,False,False,False,True,True
354,-0.46775108458728215,0.10676511245557652,0.11707273910636999,False,False,True,False,False,False,False,False,True,False,True,True
355,-0.3357857623733501,0.18188957072316003,0.11707273910636999,False,True,False,False,False,True,False,False,False,False,True,True
356,-0.203820440159418,-0.6444794702202588,-0.509729552361406,True,False,False,False,False,False,False,False,False,False,True,True
357,-1.5894563234057049,-0.2688571788823411,0.047428040054394875,False,False,True,False,False,False,False,False,True,False,False,False
358,-0.46775108458728215,-0.5693550119526752,-0.509729552361406,True,False,False,True,False,False,False,False,True,False,False,True
359,0.9178847986590046,1.5341298195396635,1.4403220210938972,False,False,False,True,False,False,False,False,True,False,True,True
360,-0.5337337456942483,-0.5693550119526752,-0.6490189504653563,False,True,False,False,False,False,True,False,False,False,True,True
361,1.2477981041938349,1.0833830699341624,0.6742303315221709,True,True,False,False,False,False,False,False,False,True,True,False
362,-0.9296297123360444,-0.8698528450230093,-0.7186636495173314,False,False,True,False,False,False,False,False,True,False,True,True
363,-2.5791962400101953,-2.672839843445014,-2.5294258248686847,False,False,False,True,False,False,False,False,False,True,False,True
364,-0.46775108458728215,-0.7196039284878423,-0.7186636495173314,True,False,True,False,False,False,False,False,True,False,True,True
365,-1.1275776956569425,-0.8698528450230093,-0.5793742514133812,True,False,False,False,False,True,False,False,False,False,False,False
366,0.19207552648237824,-0.8698528450230093,-1.066887144777207,True,False,True,False,False,False,True,False,False,False,True,False
367,-0.3357857623733501,-0.2688571788823411,-0.509729552361406,True,False,True,False,False,True,False,False,False,False,False,True
368,-1.4574910011917728,-0.4191060954175082,-0.7186636495173314,False,False,False,False,False,False,False,False,False,True,False,True
369,0.45600617091024237,1.0833830699341624,1.1617432248859967,False,False,False,True,False,False,False,False,False,True,True,True
370,1.1818154430868688,-1.0675827619988856e-15,0.047428040054394875,True,False,False,False,True,False,False,False,False,False,True,True
371,-1.3915083400848067,-1.0675827619988856e-15,0.047428040054394875,False,False,True,False,False,False,False,False,False,False,False,False
372,0.5219888320172085,0.33213848725832706,0.25636213721032025,True,False,False,True,False,False,False,False,False,True,True,True
373,1.0498501208729367,2.0600010274127483,1.9278349144577231,False,False,False,True,False,False,False,False,True,False,True,False
374,-0.46775108458728215,0.031640654187992986,0.3260068362622954,False,False,False,True,False,True,False,False,False,False,True,True
375,-1.3255256789778407,-1.9967197190367623,-1.9026235334009085,True,False,False,False,True,False,False,False,False,False,False,True
376,0.9178847986590046,1.5341298195396635,0.9528091277300714,False,False,False,True,False,False,False,False,False,True,True,True
377,1.2477981041938349,1.9097521108775812,2.2064137106656236,False,False,False,True,False,False,False,True,False,False,False,False
378,0.32404084869631034,1.0082586116665788,0.6045856324701958,False,False,False,False,False,False,False,False,False,True,True,True
379,-0.005872456838519888,-0.4191060954175082,-0.440084853309431,True,False,False,False,False,True,False,False,False,False,True,True
380,0.9178847986590046,1.2336319864693295,1.0224538267820464,False,True,False,False,False,False,False,False,False,False,True,True
381,1.379763426407767,2.2853744022154987,1.858190215405748,True,False,True,False,False,False,False,False,False,False,True,False
382,0.8519021375520386,-1.0675827619988856e-15,0.1867174381583451,True,False,True,False,False,False,False,False,False,False,False,True
383,-1.853386967833569,-1.5459729694312612,-1.624044737193008,False,False,False,False,True,False,False,False,False,True,False,True
384,-1.853386967833569,-1.9967197190367623,-1.7633341352969583,False,False,False,False,False,False,False,False,False,True,False,True
385,0.060110204268446155,0.48238740379349415,0.46529623436624556,False,False,False,False,True,False,False,False,True,False,True,True
386,-0.13783777905245198,0.25701402899074355,0.11707273910636999,False,False,False,False,True,True,False,False,False,False,True,True
387,-0.5997164068012143,0.6326363203286612,-0.09186135804955536,False,False,True,False,False,False,False,False,False,False,False,True
388,-0.26980310126638407,-0.4191060954175082,-0.30079545520548073,False,False,False,True,False,False,True,False,False,False,True,True
389,0.45600617091024237,0.031640654187992986,0.46529623436624556,True,False,False,True,False,False,False,True,False,False,True,True
390,0.45600617091024237,-0.1937327206147576,-0.6490189504653563,True,False,False,False,True,False,False,False,False,True,False,False
391,0.7199368153381066,-0.11860826234717407,0.6045856324701958,False,False,False,True,False,False,False,False,True,False,True,True
392,0.6539541542311406,-0.1937327206147576,-0.09186135804955536,True,False,False,False,True,False,False,False,True,False,True,True
393,-0.5997164068012143,-1.1703506780933435,-0.8579530476212817,True,False,True,False,False,False,False,False,False,False,True,False
394,-0.07185511794548592,0.33213848725832706,0.6045856324701958,False,False,True,False,False,False,False,False,False,True,True,False
395,-1.1935603567639086,-1.8464708025015952,-1.9026235334009085,True,False,False,False,False,False,True,False,False,False,False,True
396,-1.0615950345499765,-0.1937327206147576,-0.37044015425745586,False,True,False,False,False,False,True,False,False,False,False,True
397,1.2477981041938349,1.45900536127208,1.858190215405748,False,False,True,False,False,False,False,False,False,False,True,True
398,0.5219888320172085,-0.4942305536850917,-0.7883083485693065,True,True,False,False,False,False,False,False,False,True,True,True
399,-0.4017684234803161,-0.7947283867554258,-0.9972424457252319,True,False,False,True,False,False,False,False,False,True,True,True
400,-0.46775108458728215,-1.1703506780933435,-0.09186135804955536,False,False,True,False,False,False,False,False,False,True,True,False
401,-0.8636470512290784,-1.9967197190367623,-1.7633341352969583,True,False,False,False,False,False,False,False,True,False,True,True
402,-1.1275776956569425,-0.34398163714992464,-0.9275977466732568,False,False,False,False,False,False,False,False,True,False,False,True
403,1.445746087514733,2.210249943947915,2.2064137106656236,False,False,False,True,False,False,True,False,False,False,True,False
404,-0.7976643901221123,-0.7947283867554258,-0.440084853309431,False,False,True,False,False,False,True,False,False,False,True,True
405,-0.203820440159418,0.25701402899074355,-0.022216658997580244,False,False,True,False,False,False,False,False,False,True,True,True
406,-0.07185511794548592,-0.34398163714992464,-0.37044015425745586,True,True,False,False,False,False,False,False,False,False,True,False
407,1.0498501208729367,0.7828852368638283,0.6045856324701958,False,True,False,False,False,False,False,False,False,False,True,True
408,-0.9296297123360444,-0.9449773032905928,-0.8579530476212817,False,False,False,True,False,False,True,False,False,False,False,False
409,1.379763426407767,1.0833830699341624,1.1617432248859967,True,False,False,True,False,False,False,False,False,False,True,False
410,0.2580581875893443,0.10676511245557652,0.39565153531427044,False,False,False,True,False,False,False,True,False,False,True,False
411,1.1818154430868688,-1.0675827619988856e-15,0.047428040054394875,True,False,False,False,True,False,False,False,False,False,True,False
412,0.32404084869631034,-0.2688571788823411,-0.5793742514133812,True,False,False,True,False,False,False,False,False,False,True,True
413,-0.203820440159418,-0.1937327206147576,-0.09186135804955536,True,True,False,False,False,False,False,False,False,True,True,False
414,-0.9956123734430105,0.18188957072316003,0.7438750305741461,False,False,True,False,False,True,False,False,False,False,False,False
415,1.1818154430868688,0.25701402899074355,0.047428040054394875,True,False,False,False,True,False,True,False,False,False,True,True
416,0.32404084869631034,0.33213848725832706,-0.022216658997580244,True,False,True,False,False,True,False,False,False,False,True,False
417,0.5219888320172085,0.25701402899074355,-0.09186135804955536,True,False,True,False,False,False,False,False,False,False,True,True
418,0.1260928653754122,-0.7947283867554258,-0.440084853309431,True,False,False,True,False,False,False,False,True,False,True,True
419,-0.5997164068012143,-1.0201017615581764,-0.9972424457252319,True,False,False,False,True,False,True,False,False,False,False,False
420,1.0498501208729367,1.7595031943424142,1.7189008173017977,False,False,True,False,False,False,False,False,False,False,False,False
421,-0.5997164068012143,-0.8698528450230093,-0.30079545520548073,False,False,False,True,False,False,True,False,False,False,True,False
422,-1.2595430178708746,-0.8698528450230093,-0.09186135804955536,False,False,False,True,False,False,False,True,False,False,False,False
423,-0.46775108458728215,1.1585075282017459,0.8135197296261212,False,False,False,False,False,False,False,False,False,True,True,False
424,-1.655438984512671,-2.2972175521070963,-2.3901364267647343,True,True,False,False,False,False,False,False,True,False,False,True
425,-0.26980310126638407,-1.0675827619988856e-15,-0.440084853309431,False,False,True,False,False,False,False,False,True,False,False,True
426,1.313780765300801,1.0082586116665788,1.231387923937972,True,False,True,False,False,True,False,False,False,False,True,True
427,0.19207552648237824,0.10676511245557652,-0.2311507561535056,True,False,True,False,False,False,False,False,False,True,False,True
428,-0.07185511794548592,-0.7947283867554258,-1.066887144777207,True,False,False,False,False,False,False,False,False,True,False,True
429,0.1260928653754122,-0.4942305536850917,-0.9972424457252319,True,False,True,False,False,False,False,False,False,True,False,True
430,-0.13783777905245198,-0.2688571788823411,-0.6490189504653563,True,False,True,False,False,False,False,False,False,False,False,True
431,-0.3357857623733501,0.18188957072316003,0.11707273910636999,False,False,True,False,False,False,True,False,False,False,True,True
432,-0.3357857623733501,-1.0675827619988856e-15,-0.9275977466732568,True,False,True,False,False,False,True,False,False,False,True,True
433,-1.2595430178708746,-0.7947283867554258,-1.2758212419331323,False,False,False,False,False,False,False,False,False,True,False,True
434,0.45600617091024237,-0.2688571788823411,-0.1615060571015305,True,False,True,False,False,False,False,False,False,True,True,True
435,-1.0615950345499765,-1.6210974276988446,-1.066887144777207,True,False,True,False,False,False,False,False,True,False,False,False
436,0.5879714931241745,-1.0675827619988856e-15,-0.30079545520548073,True,False,False,True,False,False,False,False,False,False,True,True
437,0.5879714931241745,-0.2688571788823411,0.3260068362622954,True,False,False,True,False,False,False,False,False,False,False,True
438,0.2580581875893443,-1.0201017615581764,-1.2061765428811573,True,False,True,False,False,False,True,False,False,False,True,True
439,1.511728748621699,-1.0675827619988856e-15,0.047428040054394875,True,False,False,True,False,False,False,False,False,False,True,False
440,0.060110204268446155,0.8580096951314118,0.7438750305741461,False,False,True,False,False,False,False,False,True,False,True,False
441,0.7859194764450727,0.8580096951314118,0.8135197296261212,False,False,False,True,False,False,True,False,False,False,True,True
442,-0.46775108458728215,0.25701402899074355,0.047428040054394875,False,False,False,False,False,False,False,False,False,True,False,True
443,0.45600617091024237,1.0082586116665788,0.5349409334182207,False,True,False,False,False,False,False,False,False,False,True,True
444,0.8519021375520386,0.9331341533989953,0.3260068362622954,True,False,False,False,False,False,False,False,False,True,False,True
445,0.060110204268446155,-1.0675827619988856e-15,0.6045856324701958,False,False,True,False,False,False,False,False,False,True,True,False
446,0.19207552648237824,-0.2688571788823411,-0.5793742514133812,True,False,False,True,False,False,False,False,True,False,False,True
447,1.313780765300801,0.8580096951314118,0.8135197296261212,True,False,True,False,False,False,True,False,False,False,True,False
448,-1.2595430178708746,-1.7713463442340116,-1.8329788343489333,True,True,False,False,False,False,True,False,False,False,True,True
449,0.9838674597659707,0.25701402899074355,0.25636213721032025,True,True,False,False,False,False,False,False,False,False,True,True
450,-0.13783777905245198,1.1585075282017459,1.1617432248859967,False,False,True,False,False,False,False,False,True,False,False,False
451,2.2375380207983255,-1.0675827619988856e-15,1.9974796135096982,False,False,False,False,True,False,False,False,False,False,True,True
452,-0.07185511794548592,0.5575118620610777,0.39565153531427044,False,False,True,False,False,False,False,False,False,False,False,True
453,-0.07185511794548592,-0.8698528450230093,-1.3454659409851075,True,False,True,False,False,False,False,False,True,False,False,True
454,-0.8636470512290784,-0.6444794702202588,-0.440084853309431,False,False,True,False,False,False,False,False,False,False,False,True
455,-1.919369628940535,-1.0201017615581764,-1.4847553390890578,True,False,True,False,False,True,False,False,False,False,False,True
456,0.8519021375520386,1.45900536127208,1.4403220210938972,False,False,False,True,False,True,False,False,False,False,True,True
457,-0.8636470512290784,-1.1703506780933435,-1.4151106400370825,True,False,False,True,False,False,False,False,False,False,False,True
458,2.2375380207983255,2.2853744022154987,2.2064137106656236,False,False,False,False,True,True,False,False,False,False,True,True
459,0.3900235098032764,-0.34398163714992464,-0.022216658997580244,True,True,False,False,False,False,True,False,False,False,True,False
460,-0.8636470512290784,-0.8698528450230093,-0.9275977466732568,True,False,True,False,False,True,False,False,False,False,False,True
461,-0.7976643901221123,-1.1703506780933435,-1.624044737193008,True,True,False,False,False,False,False,False,True,False,False,True
462,0.32404084869631034,0.031640654187992986,0.5349409334182207,False,False,False,False,True,False,False,False,True,False,True,True
463,0.7199368153381066,1.5341298195396635,1.5796114191978474,False,False,True,False,False,False,False,False,True,False,False,True
464,0.5879714931241745,-0.8698528450230093,-0.440084853309431,True,False,False,False,False,True,False,False,False,False,True,False
465,1.1818154430868688,1.3087564447369129,1.5796114191978474,False,False,True,False,False,False,False,False,True,False,True,True
466,-2.6451789011171614,-2.8982132182477645,-2.1115576305568338,False,False,False,True,False,False,False,False,False,False,False,True
467,0.3900235098032764,-0.1937327206147576,-0.2311507561535056,True,False,False,False,False,False,True,False,False,False,False,False
468,0.7199368153381066,1.3838809030044965,1.1617432248859967,False,False,False,False,False,False,True,False,False,False,False,False
469,1.6436940708356311,0.33213848725832706,0.5349409334182207,True,False,True,False,False,False,False,False,True,False,True,True
470,1.1158327819799028,1.1585075282017459,1.5099667201458724,False,False,True,False,False,False,False,False,False,False,True,False
471,-0.203820440159418,-0.04348380407959054,0.39565153531427044,False,False,True,False,False,False,True,False,False,False,True,True
472,0.1260928653754122,1.2336319864693295,1.0920985258340217,False,False,True,False,False,False,False,False,False,False,True,False
473,-0.46775108458728215,-0.1937327206147576,-0.509729552361406,False,False,False,True,False,False,False,False,False,True,True,True
474,1.577711409728665,1.5341298195396635,1.5796114191978474,False,True,False,False,False,False,False,False,False,False,True,False
475,0.32404084869631034,0.48238740379349415,1.0224538267820464,False,False,False,True,False,True,False,False,False,False,True,False
476,0.6539541542311406,-0.5693550119526752,-0.1615060571015305,True,False,False,False,True,True,False,False,False,False,True,False
477,0.9178847986590046,-0.11860826234717407,0.25636213721032025,True,False,False,True,False,False,False,False,False,False,True,True
478,-0.7316817290151464,-0.4191060954175082,0.11707273910636999,False,False,False,True,False,False,False,True,False,False,True,True
479,0.6539541542311406,0.10676511245557652,-0.09186135804955536,True,False,False,False,True,False,False,False,False,False,True,True
480,0.45600617091024237,0.10676511245557652,-0.022216658997580244,True,True,False,False,False,False,True,False,False,False,True,False
481,-0.9296297123360444,-0.7947283867554258,-0.8579530476212817,False,False,False,True,False,False,False,False,False,False,False,True
482,0.1260928653754122,-0.11860826234717407,-0.509729552361406,True,False,True,False,False,False,False,False,True,False,False,True
483,-0.46775108458728215,-1.3205995946285105,-1.5544000381410328,True,False,False,False,False,False,True,False,False,False,True,True
484,-1.1275776956569425,-1.3205995946285105,-0.9972424457252319,False,True,False,False,False,False,False,False,False,False,True,True
485,0.2580581875893443,0.33213848725832706,0.1867174381583451,True,False,True,False,False,False,True,False,False,False,True,True
486,-0.3357857623733501,-1.6962218859664282,-0.8579530476212817,True,False,False,True,False,False,False,False,True,False,False,True
487,-0.4017684234803161,0.40726294552591064,0.39565153531427044,False,False,True,False,False,False,False,False,False,False,False,True
488,-0.13783777905245198,-1.2454751363609269,-0.7883083485693065,True,True,False,False,False,False,False,False,False,True,True,False
489,0.8519021375520386,0.9331341533989953,0.9528091277300714,True,False,False,False,False,False,False,False,False,False,False,False
490,-0.07185511794548592,1.1585075282017459,0.5349409334182207,False,False,False,False,False,False,False,False,False,False,False,True
491,-0.13783777905245198,-0.4191060954175082,0.11707273910636999,False,False,True,False,False,False,False,False,False,False,True,True
492,1.1158327819799028,1.0082586116665788,1.5099667201458724,False,False,True,False,False,False,False,False,True,False,True,True
493,0.9838674597659707,-1.0675827619988856e-15,0.047428040054394875,False,False,True,False,False,False,False,False,False,False,True,True
494,-0.7976643901221123,-0.4191060954175082,-0.022216658997580244,False,True,False,False,False,False,True,False,False,False,True,True
495,0.1260928653754122,-0.4191060954175082,-0.1615060571015305,True,False,False,True,False,False,True,False,False,False,True,False
496,-0.7976643901221123,-1.6210974276988446,-1.136531843829182,False,False,True,False,False,False,False,False,True,False,True,True
497,-0.46775108458728215,0.6326363203286612,0.5349409334182207,False,False,False,True,False,False,False,False,True,False,False,False
498,-0.005872456838519888,-0.04348380407959054,-0.022216658997580244,False,True,False,False,False,False,False,False,False,True,True,True
499,0.6539541542311406,-1.0675827619988856e-15,0.047428040054394875,True,False,False,False,True,False,False,False,False,False,True,True
500,0.5219888320172085,0.7077607785962448,0.9528091277300714,False,False,False,True,False,False,False,True,False,False,True,True
501,1.8416420541565293,1.3087564447369129,1.6492561182498227,False,True,False,False,False,False,False,False,False,False,True,False
502,-0.203820440159418,-0.6444794702202588,-0.9972424457252319,True,False,True,False,False,False,False,False,True,False,False,True
503,1.9076247152634953,1.45900536127208,1.6492561182498227,False,False,False,False,True,False,False,False,False,False,True,False
504,-1.721421645619637,-0.7947283867554258,-0.9972424457252319,False,False,False,True,False,False,False,True,False,False,False,True
505,1.0498501208729367,0.9331341533989953,0.8135197296261212,False,True,False,False,False,False,False,False,False,True,True,True
506,0.1260928653754122,0.031640654187992986,-0.1615060571015305,True,False,False,False,False,False,True,False,False,False,True,True
507,-0.7316817290151464,-0.7947283867554258,-0.9972424457252319,True,True,False,False,False,True,False,False,False,False,False,True
508,0.8519021375520386,0.6326363203286612,0.6045856324701958,True,False,True,False,False,False,False,True,False,False,True,True
509,1.313780765300801,1.6843787360748306,1.301032622989947,False,False,True,False,False,True,False,False,False,False,True,True
510,0.6539541542311406,0.10676511245557652,0.3260068362622954,True,False,False,True,False,False,False,False,True,False,True,True
511,-0.13783777905245198,-1.4708485111636775,-1.7633341352969583,True,False,False,False,False,False,False,False,False,True,True,True
512,-0.26980310126638407,-1.5459729694312612,-1.136531843829182,True,False,False,True,False,False,False,False,False,True,False,True
513,-0.7976643901221123,-1.0675827619988856e-15,0.047428040054394875,False,True,False,False,False,False,False,False,False,False,True,False
514,0.7199368153381066,2.0600010274127483,1.788545516353773,False,True,False,False,False,False,False,True,False,False,False,False
515,0.6539541542311406,1.3087564447369129,1.1617432248859967,False,False,True,False,False,False,False,False,False,True,True,False
516,0.5219888320172085,1.45900536127208,1.0920985258340217,False,False,False,True,False,False,False,False,True,False,True,True
517,-0.005872456838519888,0.33213848725832706,0.3260068362622954,False,False,False,False,True,False,False,False,True,False,True,False
518,-0.005872456838519888,0.6326363203286612,0.6742303315221709,False,False,False,True,False,False,False,False,False,True,True,False
519,0.060110204268446155,0.6326363203286612,0.7438750305741461,False,True,False,False,False,False,True,False,False,False,False,False
520,0.32404084869631034,-1.5459729694312612,-1.136531843829182,True,False,False,True,False,False,False,False,True,False,True,True
521,1.6436940708356311,-1.0675827619988856e-15,0.047428040054394875,False,False,True,False,False,False,False,False,False,False,True,True
522,0.19207552648237824,-1.0675827619988856e-15,-0.7883083485693065,True,False,False,True,False,False,False,False,False,False,True,True
523,-0.7976643901221123,-0.7947283867554258,-1.2758212419331323,True,False,True,False,False,False,False,True,False,False,False,True
524,-0.8636470512290784,-1.3205995946285105,-1.3454659409851075,True,False,True,False,False,False,True,False,False,False,True,False
525,0.1260928653754122,-0.7196039284878423,-0.6490189504653563,True,False,False,False,True,False,False,False,True,False,True,True
526,-0.6656990679081803,-0.6444794702202588,-0.5793742514133812,True,False,True,False,False,False,False,False,False,True,False,False
527,-1.9853522900475011,-1.0675827619988856e-15,0.047428040054394875,False,False,True,False,False,False,False,False,False,False,False,True
528,-2.4472309177962632,-1.0675827619988856e-15,-1.4847553390890578,False,False,False,True,False,True,False,False,False,False,False,True
529,-0.26980310126638407,-1.0675827619988856e-15,0.11707273910636999,False,False,True,False,False,False,False,False,False,False,True,True
530,0.1260928653754122,-0.1937327206147576,0.3260068362622954,False,False,True,False,False,False,False,False,False,False,True,False
531,-1.2595430178708746,-1.1703506780933435,-1.066887144777207,False,False,True,False,False,False,False,False,False,True,True,True
532,-0.26980310126638407,-0.6444794702202588,-0.7186636495173314,True,False,False,False,True,False,False,False,False,False,True,False
533,0.8519021375520386,1.3838809030044965,1.788545516353773,False,False,False,False,True,False,False,False,False,False,True,False
534,0.45600617091024237,-1.0675827619988856e-15,-0.022216658997580244,True,True,False,False,False,False,True,False,False,False,True,False
535,-0.005872456838519888,1.0082586116665788,1.0224538267820464,False,False,True,False,False,True,False,False,False,False,False,False
536,-0.9956123734430105,-0.7196039284878423,-0.7186636495173314,True,False,True,False,False,False,False,False,False,False,True,False
537,-0.9956123734430105,-0.2688571788823411,-0.440084853309431,False,False,False,True,False,False,True,False,False,False,True,True
538,1.2477981041938349,-0.2688571788823411,0.1867174381583451,True,False,False,False,True,True,False,False,False,False,True,False
539,2.0395900374774274,1.6843787360748306,1.231387923937972,True,False,False,False,False,False,False,False,False,False,True,False
540,0.5879714931241745,-0.04348380407959054,-0.022216658997580244,True,False,True,False,False,False,True,False,False,False,True,False
541,0.8519021375520386,0.9331341533989953,0.8135197296261212,True,False,False,True,False,False,False,False,False,False,False,False
542,0.9838674597659707,-1.0675827619988856e-15,0.047428040054394875,False,False,True,False,False,False,False,False,False,False,True,True
543,1.0498501208729367,-1.0675827619988856e-15,0.047428040054394875,False,False,False,True,False,False,False,False,False,False,True,True
544,-0.13783777905245198,-0.4942305536850917,-0.1615060571015305,False,False,False,True,False,False,False,True,False,False,True,True
545,0.7859194764450727,1.0082586116665788,0.8135197296261212,True,False,False,False,True,False,False,False,False,True,False,False
546,1.7096767319425972,2.2853744022154987,1.9974796135096982,False,False,False,False,False,False,False,False,False,True,True,False
547,0.3900235098032764,-0.1937327206147576,-0.30079545520548073,True,False,True,False,False,False,True,False,False,False,True,False
548,-0.26980310126638407,-1.0675827619988856e-15,0.047428040054394875,False,False,True,False,False,False,False,False,False,False,False,True
549,0.8519021375520386,-1.0675827619988856e-15,0.047428040054394875,True,False,True,False,False,False,False,False,False,False,True,True
550,0.8519021375520386,0.48238740379349415,-0.2311507561535056,True,False,True,False,False,False,False,False,False,True,False,True
551,1.379763426407767,1.5341298195396635,1.3706773220419222,True,True,False,False,False,True,False,False,False,False,False,False
552,-1.721421645619637,-1.6210974276988446,-1.2758212419331323,False,True,False,False,False,False,False,False,False,False,True,True
553,0.7199368153381066,-0.5693550119526752,-0.30079545520548073,True,False,False,True,False,False,False,False,True,False,False,True
554,-0.8636470512290784,-1.0675827619988856e-15,-1.9722682324528835,True,False,False,False,True,False,False,False,False,False,True,True
555,-2.249282934475365,-2.2972175521070963,-2.4597811258167095,False,False,True,False,False,False,False,False,True,False,False,True
556,-0.7316817290151464,0.18188957072316003,0.7438750305741461,False,False,True,False,False,False,False,False,False,False,True,False
557,-0.3357857623733501,-0.1937327206147576,-0.1615060571015305,True,False,True,False,False,False,False,True,False,False,False,True
558,-0.8636470512290784,0.031640654187992986,0.11707273910636999,False,True,False,False,False,False,False,False,False,False,False,True
559,0.45600617091024237,-1.0675827619988856e-15,-0.440084853309431,True,False,False,True,False,False,False,False,False,True,True,True
560,0.5219888320172085,0.40726294552591064,0.7438750305741461,False,False,False,True,False,False,False,False,True,False,True,False
561,-0.203820440159418,0.33213848725832706,0.39565153531427044,False,False,True,False,False,False,False,False,True,False,True,True
562,1.9736073763704614,1.5341298195396635,1.6492561182498227,True,False,True,False,False,True,False,False,False,False,True,False
563,-0.203820440159418,0.7828852368638283,0.8135197296261212,False,False,False,True,False,False,False,False,True,False,False,False
564,-1.1935603567639086,-1.3957240528960941,-1.5544000381410328,True,True,False,False,False,True,False,False,False,False,False,True
565,-1.1935603567639086,-1.9967197190367623,-1.624044737193008,True,True,False,False,False,False,False,False,False,False,True,True
566,1.7096767319425972,2.2853744022154987,2.2064137106656236,False,False,False,False,True,True,False,False,False,False,False,False
567,-0.3357857623733501,0.10676511245557652,0.6742303315221709,False,False,False,True,False,False,False,True,False,False,False,False
568,-0.203820440159418,-1.6210974276988446,-1.4847553390890578,True,True,False,False,False,False,True,False,False,False,False,True
569,0.1260928653754122,-0.11860826234717407,-0.09186135804955536,True,False,False,True,False,True,False,False,False,False,False,True
570,0.32404084869631034,-1.0675827619988856e-15,0.047428040054394875,True,True,False,False,False,False,False,False,False,False,True,False
571,1.6436940708356311,1.9848765691451646,1.6492561182498227,True,False,False,False,False,True,False,False,False,False,True,True
572,-0.8636470512290784,-0.5693550119526752,-0.8579530476212817,False,False,True,False,False,False,False,False,True,False,True,True
573,-1.0615950345499765,-0.2688571788823411,-0.30079545520548073,False,False,True,False,False,False,True,False,False,False,False,False
574,0.5219888320172085,0.8580096951314118,0.1867174381583451,False,False,False,False,True,False,True,False,False,False,True,True
575,-1.721421645619637,-1.0952262198257599,-1.066887144777207,True,False,False,False,False,False,False,False,False,False,False,False
576,-0.3357857623733501,-1.3957240528960941,-1.136531843829182,True,False,False,False,False,False,False,False,True,False,True,False
577,0.9838674597659707,1.609254277807247,1.4403220210938972,False,True,False,False,False,False,True,False,False,False,True,True
578,-1.1935603567639086,-1.0675827619988856e-15,0.047428040054394875,False,True,False,False,False,False,False,False,False,False,False,False
579,-0.8636470512290784,-0.6444794702202588,-0.022216658997580244,False,False,False,True,False,False,False,True,False,False,True,True
580,0.9838674597659707,2.0600010274127483,1.9278349144577231,False,False,False,True,False,False,False,False,False,True,True,True
581,0.7199368153381066,0.7077607785962448,0.8135197296261212,False,False,False,False,True,False,False,False,False,True,True,True
582,-0.203820440159418,0.25701402899074355,0.6742303315221709,False,False,False,True,False,True,False,False,False,False,False,True
583,0.45600617091024237,-1.0675827619988856e-15,0.8135197296261212,False,False,False,True,False,False,False,False,False,False,True,False
584,0.19207552648237824,-1.0675827619988856e-15,0.047428040054394875,False,False,False,True,False,False,False,False,False,False,True,True
585,-0.07185511794548592,0.48238740379349415,0.5349409334182207,False,False,True,False,False,False,False,False,False,False,True,True
586,-0.7316817290151464,0.25701402899074355,0.3260068362622954,False,False,False,False,False,False,True,False,False,False,True,True
587,-1.4574910011917728,-0.4942305536850917,-0.440084853309431,False,False,True,False,False,True,False,False,False,False,False,True
588,-0.7976643901221123,-0.4191060954175082,-0.2311507561535056,False,False,True,False,False,False,False,False,True,False,True,True
589,-1.1935603567639086,-1.0675827619988856e-15,0.047428040054394875,False,False,False,False,False,False,False,False,False,False,True,True
590,-0.5337337456942483,-1.0675827619988856e-15,0.047428040054394875,True,False,True,False,False,False,False,False,False,False,False,True
591,0.32404084869631034,-0.5693550119526752,-1.2758212419331323,True,False,False,False,False,False,False,False,False,True,True,True
592,0.1260928653754122,-0.11860826234717407,-0.30079545520548073,True,False,False,False,True,True,False,False,False,False,True,True
593,0.5219888320172085,0.48238740379349415,0.3260068362622954,False,False,False,False,True,False,True,False,False,False,True,True
594,1.7096767319425972,2.2853744022154987,2.1367690116136484,False,False,True,False,False,True,False,False,False,False,True,False
595,-0.6656990679081803,0.7077607785962448,0.25636213721032025,False,False,True,False,False,True,False,False,False,False,True,False
596,-2.381248256689297,-3.4240844261208494,-3.7133857087522615,True,True,False,False,False,False,True,False,False,False,False,True
597,-0.8636470512290784,-1.1703506780933435,-1.4151106400370825,True,False,False,False,False,False,False,False,False,True,True,True
598,0.19207552648237824,0.5575118620610777,0.3260068362622954,False,False,False,True,False,False,True,False,False,False,True,True
599,-0.07185511794548592,-1.0675827619988856e-15,0.8831644286780963,False,False,False,True,False,False,False,False,False,True,True,True
600,-0.7976643901221123,-0.7196039284878423,-0.37044015425745586,False,False,False,True,False,False,False,True,False,False,True,True
601,-2.4472309177962632,-1.0675827619988856e-15,0.047428040054394875,False,False,True,False,False,False,False,False,False,False,True,True
602,0.6539541542311406,0.6326363203286612,0.8135197296261212,False,False,False,False,True,False,False,False,True,False,True,True
603,-0.4017684234803161,-0.9449773032905928,-1.2061765428811573,True,False,False,True,False,False,True,False,False,False,False,True
604,1.1818154430868688,-1.0675827619988856e-15,0.047428040054394875,True,False,False,True,False,False,False,False,False,False,False,False
605,0.5879714931241745,0.18188957072316003,-0.440084853309431,True,False,True,False,False,False,False,False,False,True,True,True
606,1.2477981041938349,1.0833830699341624,0.9528091277300714,False,False,True,False,False,False,False,False,False,False,True,True
607,-1.721421645619637,-0.8698528450230093,-0.9972424457252319,False,False,True,False,False,False,False,True,False,False,False,True
608,-0.3357857623733501,-0.4191060954175082,-0.440084853309431,False,False,False,False,True,False,False,False,True,False,True,True
609,-0.5337337456942483,-0.4942305536850917,-0.2311507561535056,False,True,False,False,False,False,False,False,False,False,True,True
610,0.19207552648237824,-0.7196039284878423,-0.37044015425745586,True,False,False,True,False,False,False,False,True,False,False,False
611,-0.5337337456942483,-0.7947283867554258,-0.1615060571015305,False,False,True,False,False,False,False,False,True,False,True,True
612,1.8416420541565293,1.5341298195396635,1.5796114191978474,True,False,True,False,False,True,False,False,False,False,True,False
613,-0.07185511794548592,0.5575118620610777,0.39565153531427044,False,False,True,False,False,False,False,False,False,False,True,True
614,1.0498501208729367,1.7595031943424142,1.7189008173017977,False,False,False,False,False,False,False,False,False,False,True,True
615,-0.4017684234803161,-0.11860826234717407,0.25636213721032025,False,False,True,False,False,False,True,False,False,False,True,True
616,-1.919369628940535,-1.8464708025015952,-2.1115576305568338,False,False,False,False,True,True,False,False,False,False,True,True
617,1.445746087514733,-1.0675827619988856e-15,0.047428040054394875,True,False,False,True,False,False,False,False,False,False,True,True
618,1.9076247152634953,0.8580096951314118,1.0920985258340217,True,False,False,True,False,False,False,True,False,False,True,True
619,-0.07185511794548592,0.25701402899074355,-0.022216658997580244,True,False,True,False,False,False,False,False,False,False,False,False
620,-2.051334951154467,-0.6444794702202588,-0.9972424457252319,False,False,True,False,False,False,True,False,False,False,False,True
621,-0.26980310126638407,-1.0675827619988856e-15,0.047428040054394875,True,True,False,False,False,False,False,False,False,False,False,True
622,-0.5337337456942483,-1.3957240528960941,-1.136531843829182,True,False,True,False,False,False,True,False,False,False,False,False
623,2.2375380207983255,1.9848765691451646,1.231387923937972,True,False,False,False,False,False,False,False,True,False,True,False
624,-0.3357857623733501,-0.8698528450230093,-0.440084853309431,False,False,False,False,True,True,False,False,False,False,False,True
625,2.2375380207983255,2.0600010274127483,2.1367690116136484,True,False,False,True,False,False,False,False,True,False,True,False
626,0.19207552648237824,-1.0675827619988856e-15,0.047428040054394875,True,True,False,False,False,False,False,False,False,False,False,False
627,-0.3357857623733501,-1.6210974276988446,-1.5544000381410328,True,False,False,True,False,False,False,False,False,False,True,True
628,-1.1275776956569425,-0.9449773032905928,-1.5544000381410328,True,False,False,True,False,False,False,False,True,False,False,True
629,-1.4574910011917728,-1.3957240528960941,-0.9275977466732568,False,False,True,False,False,False,False,False,False,True,True,False
630,0.060110204268446155,-0.4191060954175082,0.11707273910636999,True,False,False,True,False,False,False,False,True,False,True,True
631,0.8519021375520386,-0.7196039284878423,-0.2311507561535056,True,True,False,False,False,False,True,False,False,False,True,True
632,-0.005872456838519888,0.33213848725832706,0.8831644286780963,False,True,False,False,False,True,False,False,False,False,True,False
633,0.5879714931241745,1.3838809030044965,1.1617432248859967,False,False,True,False,False,False,True,False,False,False,True,True
634,1.1818154430868688,1.0833830699341624,0.8135197296261212,True,False,False,True,False,False,False,False,False,True,True,True
635,0.32404084869631034,-1.0675827619988856e-15,-0.30079545520548073,True,False,False,False,False,False,True,False,False,False,True,True
636,0.060110204268446155,-1.0675827619988856e-15,0.047428040054394875,False,True,False,False,False,False,False,False,False,False,False,False
637,0.9178847986590046,1.6843787360748306,1.3706773220419222,False,False,False,True,False,False,False,False,False,True,True,False
638,1.313780765300801,0.48238740379349415,0.39565153531427044,True,False,False,False,True,False,False,False,True,False,True,True
639,0.6539541542311406,0.33213848725832706,0.3260068362622954,False,False,False,True,False,False,False,False,False,False,True,True
640,-1.655438984512671,-1.3205995946285105,-1.2061765428811573,True,False,False,True,False,False,True,False,False,False,True,True
641,0.5219888320172085,1.3838809030044965,1.5099667201458724,False,False,False,True,False,False,False,False,False,False,False,False
642,0.3900235098032764,0.8580096951314118,0.7438750305741461,False,True,False,False,False,False,False,False,False,True,False,True
643,0.5219888320172085,0.7077607785962448,0.8135197296261212,False,False,False,False,True,False,True,False,False,False,True,False
644,0.2580581875893443,-1.0675827619988856e-15,-0.5793742514133812,True,True,False,False,False,False,True,False,False,False,True,True
645,-0.07185511794548592,0.8580096951314118,0.8831644286780963,False,True,False,False,False,True,False,False,False,False,True,False
646,-0.46775108458728215,0.031640654187992986,-0.2311507561535056,False,False,False,True,False,False,False,False,False,False,True,True
647,-0.13783777905245198,-0.5693550119526752,-0.022216658997580244,False,False,False,False,True,False,True,False,False,False,False,True
648,-1.0615950345499765,-1.2454751363609269,-0.9275977466732568,False,True,False,False,False,False,True,False,False,False,True,True
649,0.19207552648237824,0.7077607785962448,0.8831644286780963,False,False,False,True,False,False,False,False,True,False,True,False
650,-0.9956123734430105,-1.0201017615581764,-1.066887144777207,True,False,True,False,False,False,False,False,False,True,False,False
651,0.1260928653754122,0.7828852368638283,0.5349409334182207,False,False,False,False,False,False,True,False,False,False,True,False
652,1.2477981041938349,-1.0675827619988856e-15,0.047428040054394875,False,False,False,True,False,False,False,False,False,False,True,False
653,-0.07185511794548592,0.031640654187992986,0.39565153531427044,False,False,False,False,False,False,False,False,False,False,True,False
654,0.45600617091024237,0.7077607785962448,0.7438750305741461,False,True,False,False,False,False,False,False,False,True,True,True
655,-0.26980310126638407,-0.1937327206147576,-0.09186135804955536,False,True,False,False,False,False,False,False,True,False,True,True
656,0.7199368153381066,-0.1937327206147576,-0.30079545520548073,True,False,True,False,False,False,False,False,False,False,False,True
657,0.19207552648237824,-0.2688571788823411,-0.509729552361406,True,False,False,True,False,False,False,False,False,True,True,True
658,-1.5234736622987388,-0.7196039284878423,-0.7186636495173314,False,False,False,True,False,False,False,False,False,False,False,True
659,1.577711409728665,1.3087564447369129,1.1617432248859967,True,False,False,True,False,False,False,False,False,False,True,True
660,0.5219888320172085,-1.0675827619988856e-15,0.047428040054394875,True,False,True,False,False,False,False,False,False,False,False,True
661,0.45600617091024237,-0.2688571788823411,-0.37044015425745586,True,False,True,False,False,False,False,False,False,True,True,True
662,-0.7316817290151464,-1.0675827619988856e-15,0.047428040054394875,False,False,False,True,False,False,False,False,False,False,False,True
663,-0.07185511794548592,-0.04348380407959054,-0.09186135804955536,False,False,True,False,False,False,True,False,False,False,True,True
664,0.9178847986590046,-0.4942305536850917,-0.37044015425745586,True,False,False,True,False,False,False,False,False,False,True,True
665,-1.0615950345499765,-0.7196039284878423,-0.5793742514133812,False,False,True,False,False,False,False,False,False,True,False,False
666,-0.203820440159418,0.25701402899074355,0.1867174381583451,False,False,True,False,False,False,False,False,True,False,False,False
667,0.7199368153381066,1.1585075282017459,1.301032622989947,False,True,False,False,False,True,False,False,False,False,False,True
668,0.45600617091024237,0.33213848725832706,-0.509729552361406,True,False,True,False,False,False,False,False,True,False,True,True
669,0.9838674597659707,0.18188957072316003,0.6045856324701958,True,False,False,True,False,False,False,False,False,False,True,False
670,-0.005872456838519888,0.48238740379349415,-0.022216658997580244,False,False,True,False,False,False,True,False,False,False,False,True
671,-0.9296297123360444,-0.9449773032905928,-1.2758212419331323,True,False,False,True,False,False,False,False,False,False,False,True
672,0.19207552648237824,0.6326363203286612,0.5349409334182207,False,False,True,False,False,False,False,False,True,False,True,True
673,-0.07185511794548592,1.0833830699341624,1.0920985258340217,False,False,True,False,False,False,False,False,False,False,True,False
674,0.19207552648237824,0.5575118620610777,0.6742303315221709,False,False,False,True,False,False,True,False,False,False,True,False
675,-1.0615950345499765,-0.4191060954175082,-0.1615060571015305,False,True,False,False,False,False,False,False,True,False,True,False
676,0.45600617091024237,0.6326363203286612,0.5349409334182207,False,False,False,False,True,False,False,False,True,False,True,False
677,0.2580581875893443,0.9331341533989953,0.5349409334182207,False,False,True,False,False,False,False,False,False,True,True,False
678,0.9838674597659707,-1.0675827619988856e-15,0.047428040054394875,True,False,False,True,False,False,False,False,False,False,False,True
679,-0.203820440159418,-1.0675827619988856e-15,0.047428040054394875,True,False,False,True,False,False,False,False,False,False,False,True
680,0.060110204268446155,0.18188957072316003,0.39565153531427044,False,False,False,True,False,False,True,False,False,False,True,True
681,-0.4017684234803161,-0.11860826234717407,-0.5793742514133812,True,True,False,False,False,False,True,False,False,False,True,True
682,-0.26980310126638407,-1.0952262198257599,-0.9972424457252319,True,True,False,False,False,False,True,False,False,False,True,True
683,-2.4472309177962632,-2.2220930938395127,-1.693689436244983,False,False,True,False,False,False,False,False,False,True,False,False
684,-0.26980310126638407,-0.2688571788823411,-0.022216658997580244,True,True,False,False,False,False,False,False,True,False,True,False
685,1.8416420541565293,2.210249943947915,2.2064137106656236,False,False,False,False,True,False,False,True,False,False,True,False
686,1.2477981041938349,0.40726294552591064,-0.022216658997580244,True,False,False,False,True,False,False,False,True,False,True,False
687,0.7199368153381066,-1.0675827619988856e-15,0.047428040054394875,True,False,False,True,False,False,False,False,False,False,False,True
688,-0.8636470512290784,-0.8698528450230093,-1.693689436244983,True,False,False,False,False,False,True,False,False,False,False,True
689,1.7756593930495632,1.5341298195396635,1.0224538267820464,True,False,False,False,True,False,False,False,True,False,False,True
690,-1.1275776956569425,-1.2454751363609269,-1.066887144777207,False,False,True,False,False,False,False,False,False,False,True,True
691,0.45600617091024237,0.48238740379349415,0.6742303315221709,False,False,False,False,True,False,False,False,False,False,False,True
692,-0.005872456838519888,-1.0675827619988856e-15,0.047428040054394875,False,False,True,False,False,False,False,False,False,False,False,False
693,0.7199368153381066,0.5575118620610777,0.3260068362622954,False,False,False,True,False,False,False,False,False,False,True,True
694,-1.1275776956569425,-0.4942305536850917,-0.8579530476212817,False,False,True,False,False,False,False,False,False,True,True,True
695,0.8519021375520386,1.45900536127208,1.231387923937972,False,False,False,True,False,False,False,False,True,False,False,True
696,0.5879714931241745,0.9331341533989953,1.5099667201458724,False,False,True,False,False,False,False,False,False,False,True,False
697,-0.46775108458728215,0.18188957072316003,0.11707273910636999,False,False,False,False,False,True,False,False,False,False,True,True
698,-0.5997164068012143,0.6326363203286612,0.7438750305741461,False,False,False,True,False,False,False,False,False,False,True,False
699,-0.005872456838519888,-0.2688571788823411,-0.6490189504653563,True,False,True,False,False,False,True,False,False,False,False,True
700,0.8519021375520386,0.8580096951314118,0.9528091277300714,False,False,False,False,True,True,False,False,False,False,True,False
701,-0.5997164068012143,-0.1937327206147576,0.25636213721032025,False,True,False,False,False,False,False,False,False,True,True,True
702,1.379763426407767,1.0833830699341624,1.301032622989947,True,False,False,False,False,True,False,False,False,False,True,False
703,-0.203820440159418,-0.4191060954175082,-0.09186135804955536,False,False,False,True,False,False,False,False,True,False,True,True
704,-0.46775108458728215,-0.4942305536850917,-0.30079545520548073,False,True,False,False,False,False,False,False,False,True,False,False
705,-0.26980310126638407,0.18188957072316003,-0.2311507561535056,True,False,False,False,False,True,False,False,False,False,False,True
706,-1.3255256789778407,-2.672839843445014,-2.2508470286607842,True,False,False,True,False,False,True,False,False,False,True,True
707,-0.005872456838519888,-0.7947283867554258,-1.136531843829182,True,False,True,False,False,False,False,False,True,False,True,True
708,1.511728748621699,1.3087564447369129,0.7438750305741461,True,False,False,True,False,False,True,False,False,False,True,True
709,-1.5894563234057049,-0.6444794702202588,-0.7186636495173314,False,False,False,True,False,False,False,False,False,False,False,False
710,1.7756593930495632,1.0833830699341624,1.5099667201458724,True,False,True,False,False,False,False,False,True,False,True,False
711,0.9178847986590046,1.1585075282017459,1.1617432248859967,False,False,False,False,True,False,False,False,False,True,True,False
712,2.1055726985843934,2.2853744022154987,2.1367690116136484,False,False,False,True,False,False,False,False,True,False,True,True
713,0.9838674597659707,-1.0675827619988856e-15,1.0920985258340217,True,False,False,True,False,False,False,True,False,False,True,True
714,-0.4017684234803161,-1.0675827619988856e-15,0.047428040054394875,False,True,False,False,False,False,False,False,False,False,True,False
715,0.6539541542311406,1.8346276526099976,1.301032622989947,False,True,False,False,False,False,False,False,False,False,False,False
716,0.45600617091024237,-1.0675827619988856e-15,0.25636213721032025,True,False,True,False,False,False,False,False,False,False,True,False
717,1.9736073763704614,1.9848765691451646,2.1367690116136484,False,False,True,False,False,False,False,False,False,False,True,False
718,0.6539541542311406,0.48238740379349415,0.39565153531427044,False,False,True,False,False,False,True,False,False,False,True,True
719,1.6436940708356311,0.25701402899074355,0.8135197296261212,True,False,False,False,True,False,False,False,False,False,False,False
720,-0.26980310126638407,0.18188957072316003,0.11707273910636999,False,False,True,False,False,False,False,False,True,False,False,True
721,-0.7316817290151464,-1.0675827619988856e-15,-0.6490189504653563,True,False,False,True,False,False,False,False,False,True,False,False
722,0.5219888320172085,1.5341298195396635,1.3706773220419222,False,True,False,False,False,False,False,False,False,True,False,False
723,-1.0615950345499765,-1.6210974276988446,-1.8329788343489333,True,False,True,False,False,False,True,False,False,False,True,True
724,-1.2595430178708746,-1.9967197190367623,-1.9026235334009085,True,True,False,False,False,False,False,False,True,False,True,True
725,0.9838674597659707,0.33213848725832706,0.1867174381583451,True,False,False,False,True,False,False,False,True,False,True,False
726,-0.07185511794548592,0.40726294552591064,0.6045856324701958,False,False,False,False,True,False,False,False,False,False,True,False
727,0.1260928653754122,-1.3957240528960941,-0.7883083485693065,True,False,False,False,True,False,False,False,False,True,True,False
728,0.45600617091024237,1.6843787360748306,1.0920985258340217,False,False,False,True,False,False,True,False,False,False,False,True
729,-0.8636470512290784,-2.2972175521070963,-2.181202329608809,True,False,True,False,False,False,False,False,True,False,True,True
730,0.1260928653754122,0.5575118620610777,0.8135197296261212,False,True,False,False,False,False,False,False,False,False,False,False
731,-0.7316817290151464,-1.7713463442340116,-1.7633341352969583,True,False,False,False,False,False,False,False,False,True,False,True
732,1.379763426407767,1.45900536127208,1.788545516353773,False,False,True,False,False,False,False,False,True,False,True,False
733,-0.7316817290151464,-1.6962218859664282,-1.693689436244983,True,False,False,True,False,False,False,False,False,True,True,True
734,-0.8636470512290784,-0.8698528450230093,-0.7883083485693065,False,False,False,False,True,False,False,False,True,False,False,True
735,0.060110204268446155,-0.9449773032905928,-0.6490189504653563,True,False,True,False,False,False,False,True,False,False,True,True
736,1.7096767319425972,0.7077607785962448,1.0920985258340217,True,False,True,False,False,False,False,False,False,False,True,True
737,-0.8636470512290784,-1.0675827619988856e-15,0.047428040054394875,False,True,False,False,False,False,False,False,False,False,False,False
738,0.9838674597659707,0.10676511245557652,0.3260068362622954,True,False,False,True,False,False,False,False,False,False,True,True
739,-0.3357857623733501,-0.7196039284878423,-0.9275977466732568,True,False,True,False,False,False,True,False,False,False,False,True
740,0.9178847986590046,-1.0675827619988856e-15,0.047428040054394875,True,False,False,True,False,False,False,False,False,False,True,True
741,-1.919369628940535,-1.0675827619988856e-15,0.047428040054394875,False,False,False,False,False,False,False,False,False,False,False,True
742,0.9838674597659707,1.0833830699341624,0.9528091277300714,False,False,True,False,False,False,True,False,False,False,True,True
743,-0.46775108458728215,0.25701402899074355,0.25636213721032025,False,False,True,False,False,False,False,False,False,False,True,False
744,-0.7316817290151464,-1.0952262198257599,-1.4847553390890578,True,True,False,False,False,False,False,False,True,False,False,True
745,0.3900235098032764,0.7077607785962448,0.39565153531427044,True,False,False,True,False,False,False,False,False,False,True,True
746,0.19207552648237824,0.40726294552591064,0.1867174381583451,True,False,False,True,False,False,True,False,False,False,True,True
747,0.19207552648237824,-0.4191060954175082,-0.022216658997580244,True,False,True,False,False,False,False,False,True,False,True,True
748,-1.0615950345499765,-0.7196039284878423,-0.6490189504653563,False,False,True,False,False,True,False,False,False,False,False,True
749,1.379763426407767,1.0833830699341624,1.231387923937972,True,True,False,False,False,False,False,False,True,False,True,False
750,0.32404084869631034,-0.04348380407959054,-0.022216658997580244,True,False,False,True,False,False,False,False,False,True,True,False
751,0.1260928653754122,0.18188957072316003,-0.2311507561535056,True,False,False,False,True,False,False,False,True,False,True,True
752,0.8519021375520386,0.5575118620610777,0.46529623436624556,True,False,True,False,False,False,False,True,False,False,False,False
753,0.7199368153381066,-1.0675827619988856e-15,0.047428040054394875,False,False,True,False,False,False,False,False,False,False,True,False
754,-0.5337337456942483,-1.0952262198257599,-1.066887144777207,True,False,True,False,False,False,False,False,False,False,False,True
755,1.1818154430868688,1.9097521108775812,1.6492561182498227,False,False,False,False,True,False,False,False,False,False,True,True
756,-0.7316817290151464,-0.8698528450230093,-1.136531843829182,True,False,False,True,False,False,False,False,True,False,True,True
757,0.2580581875893443,-0.11860826234717407,0.25636213721032025,True,False,False,False,True,True,False,False,False,False,False,False
758,-0.9296297123360444,-0.7947283867554258,-0.2311507561535056,False,False,False,True,False,False,False,False,True,False,False,False
759,0.19207552648237824,0.5575118620610777,0.6045856324701958,True,True,False,False,False,False,False,False,True,False,True,False
760,-0.8636470512290784,0.18188957072316003,-0.30079545520548073,False,False,True,False,False,False,True,False,False,False,False,True
761,-1.1935603567639086,-1.0675827619988856e-15,0.047428040054394875,False,False,False,True,False,False,False,False,False,False,True,True
762,0.7859194764450727,0.8580096951314118,1.231387923937972,True,False,False,True,False,False,False,False,False,True,True,False
763,-0.26980310126638407,-0.5693550119526752,-0.37044015425745586,False,True,False,False,False,False,True,False,False,False,True,True
764,-0.4017684234803161,-1.0675827619988856e-15,-0.6490189504653563,True,False,False,True,False,False,False,False,False,False,True,True
765,0.5219888320172085,0.18188957072316003,0.25636213721032025,False,True,False,False,False,False,True,False,False,False,True,True
766,-0.5337337456942483,0.40726294552591064,0.6045856324701958,False,False,True,False,False,False,True,False,False,False,True,False
767,0.6539541542311406,-0.5693550119526752,-0.5793742514133812,True,True,False,False,False,False,True,False,False,False,True,False
768,0.1260928653754122,0.10676511245557652,0.46529623436624556,False,False,False,True,False,False,False,False,False,True,True,True
769,-0.5337337456942483,-0.7196039284878423,-0.7883083485693065,True,False,False,False,False,False,False,False,True,False,False,True
770,-0.9296297123360444,-1.6210974276988446,-1.3454659409851075,True,True,False,False,False,False,True,False,False,False,True,True
771,0.5879714931241745,0.25701402899074355,0.39565153531427044,True,False,False,True,False,True,False,False,False,False,True,True
772,-0.9296297123360444,-0.1937327206147576,0.25636213721032025,False,True,False,False,False,False,False,False,False,True,False,False
773,-0.26980310126638407,0.6326363203286612,0.7438750305741461,False,False,True,False,False,True,False,False,False,False,False,True
774,-0.005872456838519888,-0.34398163714992464,-0.5793742514133812,True,True,False,False,False,False,False,False,True,False,True,True
775,-1.1275776956569425,-0.8698528450230093,-0.9275977466732568,False,True,False,False,False,False,False,False,False,True,False,True
776,-0.005872456838519888,0.18188957072316003,0.11707273910636999,False,True,False,False,False,False,True,False,False,False,True,True
777,-2.051334951154467,-1.9215952607691786,-1.7633341352969583,False,False,True,False,False,False,False,False,True,False,False,True
778,0.3900235098032764,0.7077607785962448,0.9528091277300714,False,False,False,False,False,False,False,False,True,False,True,False
779,1.8416420541565293,1.1585075282017459,0.9528091277300714,True,False,False,False,True,False,False,False,False,False,True,False
780,-1.3255256789778407,-1.0201017615581764,-0.7883083485693065,False,False,False,True,False,False,False,False,False,False,False,True
781,0.7199368153381066,1.5341298195396635,1.0920985258340217,False,True,False,False,False,False,False,True,False,False,True,True
782,0.6539541542311406,1.1585075282017459,0.9528091277300714,False,True,False,False,False,False,True,False,False,False,False,False
783,-0.9296297123360444,-0.7947283867554258,-0.440084853309431,False,False,True,False,False,False,False,False,False,False,True,False
784,1.6436940708356311,0.8580096951314118,0.7438750305741461,True,False,True,False,False,True,False,False,False,False,True,False
785,-2.249282934475365,-1.3957240528960941,-1.693689436244983,False,True,False,False,False,False,False,False,False,True,True,False
786,0.3900235098032764,0.7077607785962448,0.6045856324701958,False,False,False,False,True,False,False,False,False,True,False,True
787,-3.1070575288659237,-1.0675827619988856e-15,-2.5294258248686847,False,True,False,False,False,False,False,False,False,False,True,True
788,0.1260928653754122,-0.34398163714992464,-0.509729552361406,True,False,True,False,False,False,False,False,False,False,False,True
789,-0.9296297123360444,-0.34398163714992464,-0.509729552361406,False,False,True,False,False,False,False,True,False,False,False,True
790,-1.1935603567639086,-0.5693550119526752,-0.5793742514133812,False,True,False,False,False,False,True,False,False,False,True,True
791,-0.4017684234803161,-0.2688571788823411,0.11707273910636999,False,False,False,True,False,False,False,False,True,False,False,True
792,-0.005872456838519888,0.33213848725832706,0.047428040054394875,True,False,False,True,False,False,True,False,False,False,False,True
793,1.511728748621699,1.0833830699341624,0.6045856324701958,True,False,False,False,True,False,False,False,False,True,True,False
794,-1.5894563234057049,-1.3205995946285105,-1.2061765428811573,False,True,False,False,False,False,True,False,False,False,True,True
795,-0.5997164068012143,-0.11860826234717407,0.3260068362622954,False,False,False,False,True,False,False,False,False,False,False,False
796,0.2580581875893443,0.031640654187992986,0.11707273910636999,True,False,False,True,False,False,True,False,False,False,True,True
797,0.2580581875893443,1.0833830699341624,0.8831644286780963,False,False,False,False,True,False,False,False,False,False,False,True
798,0.19207552648237824,-0.7196039284878423,-0.9972424457252319,True,False,False,False,True,False,False,False,True,False,True,True
799,-0.9296297123360444,-1.0952262198257599,-0.7883083485693065,False,False,True,False,False,False,False,False,False,False,True,True
800,0.060110204268446155,-1.0675827619988856e-15,-0.022216658997580244,True,False,True,False,False,False,False,False,False,True,True,False
801,0.6539541542311406,0.7828852368638283,0.3260068362622954,True,False,True,False,False,False,False,False,False,True,True,False
802,1.379763426407767,1.8346276526099976,1.858190215405748,False,False,False,False,True,False,False,False,False,False,True,True
803,1.0498501208729367,1.1585075282017459,1.301032622989947,False,True,False,False,False,False,False,False,True,False,True,True
804,0.45600617091024237,0.48238740379349415,0.6742303315221709,False,False,True,False,False,False,False,False,True,False,True,True
805,0.5879714931241745,0.8580096951314118,0.39565153531427044,True,False,False,False,False,False,False,False,True,False,False,True
806,-0.13783777905245198,0.33213848725832706,0.46529623436624556,False,False,False,True,False,False,False,False,True,False,False,True
807,-1.655438984512671,-1.8464708025015952,-1.9722682324528835,False,False,False,False,True,False,True,False,False,False,False,True
808,1.577711409728665,0.40726294552591064,0.047428040054394875,True,False,True,False,False,False,True,False,False,False,True,True
809,-0.46775108458728215,-1.1703506780933435,-1.2061765428811573,True,True,False,False,False,True,False,False,False,False,True,True
810,-0.9956123734430105,-1.0675827619988856e-15,-2.2508470286607842,True,False,False,False,False,False,False,False,False,True,True,True
811,-1.3915083400848067,-1.0675827619988856e-15,0.047428040054394875,True,False,False,False,False,False,False,False,False,False,False,True
812,-0.7976643901221123,-0.4191060954175082,-0.09186135804955536,False,False,True,False,False,False,False,True,False,False,True,False
813,1.379763426407767,1.0833830699341624,0.5349409334182207,True,False,False,False,True,False,False,False,False,True,True,False
814,0.3900235098032764,0.7828852368638283,1.0224538267820464,False,False,True,False,False,False,True,False,False,False,True,True
815,1.8416420541565293,1.2336319864693295,1.301032622989947,True,True,False,False,False,False,False,False,False,True,True,False
816,-1.3915083400848067,-1.0675827619988856e-15,-0.30079545520548073,False,False,False,False,False,True,False,False,False,False,True,True
817,-0.3357857623733501,0.031640654187992986,0.5349409334182207,True,False,False,True,False,True,False,False,False,False,False,False
818,-0.4017684234803161,0.18188957072316003,-0.022216658997580244,False,True,False,False,False,False,True,False,False,False,False,True
819,0.7199368153381066,1.609254277807247,1.3706773220419222,False,False,True,False,False,False,False,False,False,True,True,True
820,1.2477981041938349,-1.0675827619988856e-15,0.047428040054394875,False,False,False,False,False,False,False,False,False,False,True,False
821,0.7859194764450727,1.5341298195396635,1.7189008173017977,False,False,False,True,False,True,False,False,False,False,False,True
822,-1.1275776956569425,-1.0675827619988856e-15,-1.2061765428811573,True,False,False,False,True,False,False,False,True,False,False,False
823,0.32404084869631034,-1.0675827619988856e-15,0.9528091277300714,False,True,False,False,False,False,True,False,False,False,False,True
824,-1.1935603567639086,-0.8698528450230093,-1.136531843829182,False,False,True,False,False,False,False,False,False,True,False,True
825,-0.26980310126638407,-0.1937327206147576,-0.7186636495173314,True,False,True,False,False,False,True,False,False,False,True,True
826,-0.6656990679081803,-1.0675827619988856e-15,0.11707273910636999,False,False,True,False,False,False,False,False,False,False,False,False
827,-0.07185511794548592,-0.04348380407959054,0.5349409334182207,False,False,True,False,False,False,False,False,False,True,True,True
828,0.19207552648237824,1.2336319864693295,0.8831644286780963,False,False,False,True,False,False,False,False,False,True,False,False
829,0.1260928653754122,-1.1703506780933435,-1.066887144777207,True,True,False,False,False,False,False,False,False,True,True,True
830,-0.3357857623733501,-0.7196039284878423,-0.7883083485693065,False,False,False,False,False,False,False,False,True,False,False,True
831,0.5219888320172085,1.2336319864693295,1.4403220210938972,False,False,True,False,False,True,False,False,False,False,False,False
832,-0.13783777905245198,-0.7196039284878423,-0.7186636495173314,True,False,False,False,False,True,False,False,False,False,True,True
833,0.7199368153381066,0.9331341533989953,1.4403220210938972,False,True,False,False,False,False,True,False,False,False,True,False
834,-0.5337337456942483,-1.4708485111636775,-1.624044737193008,True,True,False,False,False,False,False,False,True,False,True,True
835,-0.4017684234803161,-0.4191060954175082,0.39565153531427044,False,False,True,False,False,False,True,False,False,False,True,False
836,0.45600617091024237,-0.4191060954175082,-0.7883083485693065,True,False,False,False,True,False,True,False,False,False,True,True
837,0.5879714931241745,-1.0675827619988856e-15,0.047428040054394875,False,False,False,False,False,False,False,False,False,False,True,False
838,-0.5337337456942483,-0.9449773032905928,-1.066887144777207,True,True,False,False,False,False,False,False,False,False,False,False
839,-0.005872456838519888,0.5575118620610777,0.3260068362622954,False,False,True,False,False,False,False,False,False,False,True,True
840,-1.787404306726603,-1.3205995946285105,-1.5544000381410328,False,False,False,True,False,False,True,False,False,False,False,True
841,-0.13783777905245198,-0.8698528450230093,-1.2061765428811573,True,False,True,False,False,False,False,False,False,True,True,True
842,-2.8431268844380595,-1.9215952607691786,-2.2508470286607842,False,True,False,False,False,False,True,False,False,False,False,False
843,0.5219888320172085,0.5575118620610777,0.5349409334182207,True,True,False,False,False,False,False,False,True,False,False,False
844,-1.721421645619637,-0.34398163714992464,-0.30079545520548073,False,False,False,True,False,False,False,False,False,True,False,False
845,1.577711409728665,1.1585075282017459,1.0920985258340217,True,False,False,False,True,False,False,True,False,False,True,True
846,1.6436940708356311,1.1585075282017459,1.1617432248859967,True,False,True,False,False,False,False,True,False,False,True,False
847,-0.13783777905245198,-1.1703506780933435,-1.2758212419331323,True,False,False,True,False,False,True,False,False,False,True,True
848,-0.46775108458728215,0.18188957072316003,-0.022216658997580244,False,False,True,False,False,False,True,False,False,False,True,True
849,0.9178847986590046,-1.0675827619988856e-15,0.047428040054394875,True,False,False,True,False,False,False,False,False,False,True,True
850,0.32404084869631034,-0.1937327206147576,-0.09186135804955536,True,False,True,False,False,False,False,True,False,False,True,True
851,-0.3357857623733501,-0.11860826234717407,-0.37044015425745586,False,False,False,False,False,False,True,False,False,False,True,True
852,1.379763426407767,1.1585075282017459,1.7189008173017977,False,False,False,False,True,False,False,False,True,False,True,True
853,1.0498501208729367,-0.1937327206147576,-0.509729552361406,True,False,False,False,True,False,False,False,False,True,True,True
854,-0.26980310126638407,-0.4191060954175082,-0.9275977466732568,True,False,True,False,False,False,False,False,False,True,True,True
855,2.0395900374774274,2.0600010274127483,1.9278349144577231,False,True,False,False,False,True,False,False,False,False,True,True
856,0.5879714931241745,-0.11860826234717407,-0.2311507561535056,True,True,False,False,False,False,False,False,True,False,False,True
857,-0.07185511794548592,0.7077607785962448,0.8831644286780963,False,False,True,False,False,True,False,False,False,False,True,True
858,-0.9296297123360444,-1.5459729694312612,-1.5544000381410328,True,True,False,False,False,False,True,False,False,False,True,False
859,1.379763426407767,-1.0675827619988856e-15,0.047428040054394875,True,False,True,False,False,False,False,False,False,False,False,True
860,-0.8636470512290784,-0.5693550119526752,-1.066887144777207,False,False,True,False,False,False,False,False,False,False,True,True
861,0.9838674597659707,1.2336319864693295,1.301032622989947,False,False,False,False,True,False,False,True,False,False,False,True
862,-1.787404306726603,-2.071844177304346,-2.1115576305568338,True,False,False,True,False,True,False,False,False,False,False,False
863,0.32404084869631034,0.10676511245557652,0.8135197296261212,False,False,True,False,False,False,False,False,True,False,True,False
864,2.0395900374774274,1.7595031943424142,1.5796114191978474,True,False,True,False,False,False,False,False,False,False,True,True
865,1.0498501208729367,0.9331341533989953,1.3706773220419222,True,False,False,True,False,False,False,False,True,False,True,False
866,-0.46775108458728215,-1.0675827619988856e-15,0.047428040054394875,True,False,True,False,False,False,False,False,False,False,False,True
867,-0.3357857623733501,-1.0675827619988856e-15,-1.9026235334009085,True,True,False,False,False,False,False,False,False,False,True,True
868,0.7859194764450727,0.33213848725832706,0.25636213721032025,True,False,False,False,True,False,False,False,False,False,False,False
869,-1.1275776956569425,-1.3957240528960941,-1.2061765428811573,True,False,True,False,False,False,False,False,False,False,False,True
870,-0.46775108458728215,-0.8698528450230093,-1.4847553390890578,True,True,False,False,False,False,True,False,False,False,True,True
871,0.2580581875893443,0.18188957072316003,0.5349409334182207,False,False,True,False,False,False,False,False,True,False,True,False
872,1.0498501208729367,1.0833830699341624,0.6742303315221709,True,True,False,False,False,False,False,False,False,False,True,False
873,1.577711409728665,1.5341298195396635,0.9528091277300714,True,False,False,False,True,False,False,False,False,False,False,True
874,-1.5234736622987388,-0.5693550119526752,-0.509729552361406,False,False,True,False,False,True,False,False,False,False,False,True
875,0.9178847986590046,-0.4191060954175082,-0.1615060571015305,True,False,True,False,False,False,False,False,True,False,False,True
876,0.9838674597659707,0.9331341533989953,1.0920985258340217,True,False,False,True,False,False,False,False,True,False,True,True
877,-0.5997164068012143,-0.6444794702202588,-0.9972424457252319,True,False,True,False,False,False,False,False,False,True,True,True
878,-0.46775108458728215,0.18188957072316003,0.8135197296261212,False,False,False,True,False,False,False,False,False,True,True,True
879,-0.13783777905245198,-1.0675827619988856e-15,0.047428040054394875,False,False,False,True,False,False,False,False,False,False,True,True
880,-0.203820440159418,-0.4191060954175082,-0.1615060571015305,True,False,True,False,False,True,False,False,False,False,True,False
881,0.32404084869631034,0.031640654187992986,0.11707273910636999,False,False,False,False,True,True,False,False,False,False,True,False
882,-0.13783777905245198,0.25701402899074355,0.1867174381583451,False,True,False,False,False,False,True,False,False,False,False,True
883,-0.7316817290151464,-1.0675827619988856e-15,0.047428040054394875,True,False,False,True,False,False,False,False,False,False,False,True
884,-0.9956123734430105,-1.3957240528960941,-0.9972424457252319,False,False,False,False,True,False,False,False,False,False,True,True
885,-0.26980310126638407,0.48238740379349415,0.8135197296261212,False,False,True,False,False,False,False,False,False,False,True,False
886,1.7756593930495632,2.2853744022154987,1.858190215405748,False,False,False,False,True,False,False,False,False,False,True,False
887,-0.7976643901221123,0.18188957072316003,-0.6490189504653563,True,False,True,False,False,False,True,False,False,False,False,True
888,0.19207552648237824,-0.34398163714992464,0.39565153531427044,False,False,False,True,False,False,False,False,True,False,False,True
889,-1.4574910011917728,-1.3957240528960941,-1.4151106400370825,True,False,False,True,False,False,True,False,False,False,False,True
890,1.313780765300801,1.1585075282017459,1.5796114191978474,False,False,False,False,True,False,False,False,True,False,True,False
891,1.2477981041938349,1.6843787360748306,1.1617432248859967,False,False,False,False,True,False,False,False,False,False,True,True
892,-1.0615950345499765,-1.0675827619988856e-15,0.3260068362622954,False,False,False,False,False,False,False,True,False,False,False,True
893,1.445746087514733,-1.0675827619988856e-15,0.46529623436624556,True,False,False,True,False,False,False,False,False,True,True,False
894,-0.46775108458728215,-0.5693550119526752,0.047428040054394875,False,False,False,False,True,False,False,False,False,False,True,True
895,-2.249282934475365,-2.672839843445014,-2.1115576305568338,False,False,False,False,True,False,False,False,False,True,False,True
896,-1.9853522900475011,-3.0484621347829317,-2.87764932012856,True,True,False,False,False,False,True,False,False,False,False,True
897,-0.203820440159418,0.6326363203286612,0.7438750305741461,False,True,False,False,False,False,False,False,False,True,False,False
898,0.060110204268446155,-1.1703506780933435,-0.37044015425745586,True,False,False,True,False,False,False,False,False,False,True,False
899,-0.07185511794548592,-1.0675827619988856e-15,0.047428040054394875,False,False,False,True,False,False,False,False,False,False,True,False
900,1.2477981041938349,1.0833830699341624,1.4403220210938972,True,False,False,True,False,False,False,True,False,False,True,True
901,0.45600617091024237,-1.0675827619988856e-15,0.047428040054394875,False,False,True,False,False,False,False,False,False,False,True,True
902,-2.117317612261433,-1.0675827619988856e-15,0.047428040054394875,False,False,False,False,False,False,False,False,False,False,False,False
903,1.7756593930495632,2.2853744022154987,2.2064137106656236,False,False,False,True,False,True,False,False,False,False,False,False
904,0.060110204268446155,1.0833830699341624,1.0920985258340217,False,False,False,True,False,False,False,False,False,True,False,True
905,1.445746087514733,0.5575118620610777,0.6045856324701958,True,False,False,True,False,False,False,False,True,False,True,True
906,-0.5997164068012143,-1.6210974276988446,-1.2061765428811573,True,True,False,False,False,False,True,False,False,False,True,True
907,0.8519021375520386,1.0833830699341624,1.5796114191978474,False,False,False,True,False,False,False,False,True,False,True,False
908,0.060110204268446155,0.40726294552591064,0.25636213721032025,False,False,True,False,False,True,False,False,False,False,False,True
909,0.2580581875893443,-0.4191060954175082,0.11707273910636999,True,False,False,False,True,True,False,False,False,False,True,False
910,-1.0615950345499765,-2.071844177304346,-1.4151106400370825,True,False,False,True,False,True,False,False,False,False,False,True
911,0.19207552648237824,1.0833830699341624,0.9528091277300714,False,False,False,False,False,False,False,False,True,False,True,True
912,-0.9296297123360444,-0.6444794702202588,-0.1615060571015305,False,False,True,False,False,True,False,False,False,False,True,False
913,-1.2595430178708746,-0.5693550119526752,-0.1615060571015305,False,False,True,False,False,True,False,False,False,False,False,False
914,-1.3255256789778407,-1.0675827619988856e-15,-0.9275977466732568,False,True,False,False,False,False,False,False,False,False,False,True
915,0.1260928653754122,0.031640654187992986,-0.1615060571015305,False,False,False,False,True,False,False,False,True,False,True,True
916,2.2375380207983255,2.2853744022154987,2.2064137106656236,True,False,False,False,True,True,False,False,False,False,True,False
917,-1.4574910011917728,-1.0675827619988856e-15,-1.136531843829182,False,False,True,False,False,False,True,False,False,False,True,True
918,-0.5997164068012143,0.5575118620610777,0.8135197296261212,False,False,True,False,False,False,False,False,False,False,True,False
919,1.6436940708356311,1.9848765691451646,1.5796114191978474,True,True,False,False,False,False,False,False,True,False,True,False
920,0.19207552648237824,0.031640654187992986,-0.09186135804955536,True,False,False,True,False,False,True,False,False,False,False,True
921,-2.051334951154467,-1.2454751363609269,-1.5544000381410328,False,False,True,False,False,False,True,False,False,False,False,True
922,0.3900235098032764,-0.2688571788823411,-0.1615060571015305,True,False,False,True,False,False,True,False,False,False,True,True
923,-0.7976643901221123,-0.34398163714992464,-0.2311507561535056,False,True,False,False,False,False,False,False,False,False,False,True
924,0.5219888320172085,-1.0675827619988856e-15,0.047428040054394875,True,False,False,True,False,False,False,False,False,False,False,True
925,0.5219888320172085,-0.4191060954175082,-0.5793742514133812,True,False,False,False,True,False,False,False,False,True,True,False
926,-0.13783777905245198,-1.0201017615581764,-1.136531843829182,True,False,False,False,True,False,False,False,False,False,False,True
927,-0.07185511794548592,-0.6444794702202588,0.1867174381583451,False,False,False,True,False,False,True,False,False,False,False,False
928,-1.3255256789778407,-1.9967197190367623,-1.693689436244983,True,False,False,False,True,False,False,False,False,False,False,False
929,-1.1935603567639086,-1.0201017615581764,-1.2061765428811573,False,False,True,False,False,False,False,False,False,True,False,True
930,0.060110204268446155,0.33213848725832706,0.11707273910636999,True,False,True,False,False,False,False,False,True,False,False,False
931,-0.26980310126638407,-0.9449773032905928,-0.440084853309431,True,False,False,True,False,False,False,False,True,False,False,True
932,-0.3357857623733501,0.10676511245557652,0.3260068362622954,True,False,False,True,False,False,False,False,False,False,False,False
933,0.2580581875893443,0.40726294552591064,0.39565153531427044,True,False,True,False,False,True,False,False,False,False,False,False
934,2.1055726985843934,1.3087564447369129,1.5099667201458724,True,False,True,False,False,False,False,False,False,False,True,False
935,0.2580581875893443,-0.4942305536850917,-0.7186636495173314,True,False,False,True,False,False,False,False,True,False,False,True
936,0.060110204268446155,-1.0675827619988856e-15,-1.066887144777207,True,False,False,False,False,False,False,False,False,False,True,True
937,-0.5997164068012143,-0.8698528450230093,-0.7883083485693065,False,False,False,False,True,False,True,False,False,False,False,True
938,1.2477981041938349,-1.0675827619988856e-15,0.047428040054394875,True,False,False,True,False,False,False,False,False,False,True,False
939,0.7199368153381066,-0.11860826234717407,0.047428040054394875,True,False,False,True,False,False,False,False,False,True,True,False
940,0.3900235098032764,-0.2688571788823411,0.25636213721032025,True,False,True,False,False,False,False,True,False,False,False,False
941,0.7859194764450727,1.609254277807247,1.9278349144577231,False,False,False,True,False,False,False,True,False,False,True,True
942,0.9838674597659707,-0.2688571788823411,-0.30079545520548073,True,False,True,False,False,False,True,False,False,False,True,True
943,-0.3357857623733501,-0.5693550119526752,-0.509729552361406,True,False,False,False,False,False,False,False,False,True,False,False
944,-0.5337337456942483,-0.11860826234717407,-0.509729552361406,False,True,False,False,False,False,True,False,False,False,True,True
945,-0.7976643901221123,-0.6444794702202588,-0.7186636495173314,False,False,True,False,False,False,False,False,False,False,True,True
946,1.0498501208729367,0.9331341533989953,0.8135197296261212,True,True,False,False,False,False,True,False,False,False,True,True
947,-1.1275776956569425,-1.0675827619988856e-15,0.047428040054394875,False,False,False,True,False,False,False,False,False,False,False,True
948,-1.1275776956569425,-1.4708485111636775,-1.136531843829182,True,True,False,False,False,False,False,False,False,True,False,False
949,-0.5997164068012143,0.40726294552591064,0.3260068362622954,False,False,False,False,True,False,True,False,False,False,False,False
950,1.8416420541565293,0.25701402899074355,0.1867174381583451,True,False,False,False,True,False,True,False,False,False,True,True
951,0.5879714931241745,0.5575118620610777,1.0224538267820464,False,False,False,True,False,False,False,False,True,False,True,False
952,0.5219888320172085,0.33213848725832706,0.25636213721032025,False,False,False,False,True,False,False,False,False,True,False,True
953,-0.5337337456942483,-1.3205995946285105,-0.9972424457252319,True,False,True,False,False,False,True,False,False,False,True,False
954,-0.26980310126638407,-0.04348380407959054,0.047428040054394875,False,False,True,False,False,False,False,False,True,False,True,True
955,0.3900235098032764,-0.9449773032905928,-0.440084853309431,True,False,False,False,True,False,False,False,False,False,True,True
956,1.1818154430868688,1.3087564447369129,0.8831644286780963,True,False,True,False,False,False,False,False,True,False,True,True
957,1.7096767319425972,2.2853744022154987,2.2064137106656236,False,False,False,True,False,False,False,True,False,False,True,True
958,-1.3915083400848067,-0.4942305536850917,-0.6490189504653563,False,False,False,True,False,False,True,False,False,False,True,True
959,0.5879714931241745,-1.0675827619988856e-15,0.1867174381583451,True,False,True,False,False,False,True,False,False,False,True,True
960,-0.6656990679081803,-0.8698528450230093,-0.30079545520548073,False,False,False,False,False,False,False,False,True,False,True,True
961,-1.1935603567639086,-1.1703506780933435,-1.066887144777207,False,False,False,True,False,False,False,False,False,True,False,True
962,2.2375380207983255,2.2853744022154987,2.2064137106656236,False,False,False,False,True,False,False,False,False,False,True,True
963,-0.07185511794548592,0.48238740379349415,0.46529623436624556,False,False,True,False,False,False,False,False,False,True,False,False
964,0.3900235098032764,-0.9449773032905928,-0.7186636495173314,True,False,False,True,False,False,False,False,True,False,True,True
965,-0.26980310126638407,0.031640654187992986,0.25636213721032025,False,False,False,True,False,False,False,False,True,False,True,True
966,-0.005872456838519888,-0.11860826234717407,-0.30079545520548073,True,False,False,False,False,False,False,False,False,True,True,False
967,-0.203820440159418,-0.4942305536850917,-0.5793742514133812,True,False,True,False,False,False,False,False,True,False,True,True
968,0.1260928653754122,0.48238740379349415,-0.09186135804955536,False,False,False,False,True,False,False,False,False,False,True,True
969,0.5879714931241745,1.0833830699341624,0.8135197296261212,False,True,False,False,False,True,False,False,False,False,True,True
970,1.511728748621699,2.2853744022154987,2.2064137106656236,False,False,False,True,False,True,False,False,False,False,True,True
971,0.7859194764450727,0.18188957072316003,0.047428040054394875,True,False,True,False,False,False,False,False,False,True,True,False
972,-0.8636470512290784,-1.4708485111636775,-0.5793742514133812,False,False,False,False,False,False,True,False,False,False,False,False
973,-1.1275776956569425,-1.0675827619988856e-15,0.047428040054394875,False,False,False,True,False,False,False,False,False,False,False,True
974,-0.7976643901221123,-1.0675827619988856e-15,0.047428040054394875,False,False,False,False,False,False,False,False,False,False,True,True
975,-0.13783777905245198,0.9331341533989953,0.6045856324701958,False,False,True,False,False,False,False,False,True,False,True,False
976,-0.4017684234803161,-0.5693550119526752,-0.5793742514133812,True,True,False,False,False,False,False,False,True,False,False,False
977,-0.26980310126638407,-0.34398163714992464,-0.7186636495173314,True,False,True,False,False,False,False,False,False,False,True,True
978,-0.7316817290151464,-1.0675827619988856e-15,-1.4151106400370825,True,False,False,True,False,False,True,False,False,False,True,False
979,1.6436940708356311,1.9097521108775812,1.788545516353773,False,False,True,False,False,False,False,False,False,False,True,True
980,-3.83286680104255,-3.4240844261208494,-3.1562281163364605,False,True,False,False,False,False,True,False,False,False,False,True
981,0.9838674597659707,0.6326363203286612,0.6742303315221709,True,False,False,True,False,False,False,False,False,True,True,True
982,0.8519021375520386,1.1585075282017459,1.231387923937972,True,True,False,False,False,False,False,False,False,True,True,False
983,0.7859194764450727,1.3087564447369129,1.5796114191978474,False,False,False,False,False,False,False,False,True,False,True,False
984,0.5219888320172085,0.40726294552591064,0.9528091277300714,False,False,True,False,False,False,False,False,False,True,True,True
985,-0.5997164068012143,-1.0675827619988856e-15,-0.9972424457252319,True,False,False,False,False,False,True,False,False,False,True,True
986,-1.721421645619637,-1.0675827619988856e-15,0.047428040054394875,False,False,True,False,False,False,False,False,False,False,True,True
987,0.9838674597659707,0.40726294552591064,0.5349409334182207,True,False,False,False,True,False,False,False,False,True,True,False
988,-1.4574910011917728,-1.8464708025015952,-1.624044737193008,False,False,False,False,False,False,False,False,False,True,False,True
989,0.060110204268446155,1.2336319864693295,1.0224538267820464,False,False,False,True,False,False,False,False,True,False,False,False
990,1.313780765300801,0.8580096951314118,0.46529623436624556,True,False,False,False,True,False,True,False,False,False,False,False
991,-0.07185511794548592,0.9331341533989953,0.6742303315221709,False,True,False,False,False,False,False,False,False,True,True,False
992,-0.7316817290151464,0.48238740379349415,0.5349409334182207,False,False,False,True,False,False,False,False,False,False,False,True
993,-0.26980310126638407,0.18188957072316003,0.39565153531427044,False,False,False,True,False,True,False,False,False,False,False,True
994,-0.203820440159418,-0.4942305536850917,-0.440084853309431,True,False,False,False,False,False,True,False,False,False,True,True
995,1.445746087514733,-1.0675827619988856e-15,1.858190215405748,False,False,False,False,True,False,False,True,False,False,True,False
996,-0.26980310126638407,-1.0952262198257599,-0.9275977466732568,True,False,True,False,False,False,True,False,False,False,False,True
997,-0.46775108458728215,0.10676511245557652,-0.2311507561535056,False,False,True,False,False,False,True,False,False,False,False,False
998,0.1260928653754122,-1.0675827619988856e-15,0.047428040054394875,False,False,False,True,False,False,False,False,False,False,True,False
999,0.7199368153381066,1.2336319864693295,1.231387923937972,False,False,False,True,False,False,False,False,True,False,False,True
