math score,reading score,writing score,gender_male,race/ethnicity_group B,race/ethnicity_group C,race/ethnicity_group D,race/ethnicity_group E,parental level of education_bachelor's degree,parental level of education_high school,parental level of education_master's degree,parental level of education_some college,parental level of education_some high school,lunch_standard,test preparation course_none,is_passed
0.3900235098032764,0.18188957072316,0.3956515353142704,False,True,False,False,False,True,False,False,False,False,True,True,True
0.19207552648237824,1.5341298195396635,1.3706773220419222,False,False,True,False,False,False,False,False,True,False,True,False,True
1.577711409728665,1.9097521108775808,1.7189008173017977,False,True,False,False,False,False,False,True,False,False,True,True,True
-1.2595430178708746,-0.9449773032905928,-1.693689436244983,True,False,False,False,False,False,False,False,False,False,False,True,False
0.6539541542311406,0.6326363203286612,0.4652962343662455,True,False,True,False,False,False,False,False,True,False,True,True,True
0.32404084869631034,1.0082586116665788,0.6742303315221709,False,True,False,False,False,False,False,False,False,False,True,True,True
1.445746087514733,1.9097521108775808,1.6492561182498229,False,True,False,False,False,False,False,False,True,False,True,False,True
-1.721421645619637,-1.9967197190367625,-2.0419129315048585,True,True,False,False,False,False,False,False,True,False,False,True,False
-0.13783777905245198,-0.4191060954175082,-0.0918613580495553,True,False,False,True,False,False,True,False,False,False,False,False,False
-1.853386967833569,-0.7196039284878423,-1.2758212419331325,False,True,False,False,False,False,True,False,False,False,False,True,False
-0.5337337456942483,-1.0675827619988856e-15,0.0474280400543948,True,False,True,False,False,False,False,False,False,False,True,True,False
-1.721421645619637,-1.3205995946285105,-1.7633341352969585,True,False,False,True,False,False,False,False,False,False,True,True,False
-0.07185511794548592,0.8580096951314118,0.3260068362622954,False,True,False,False,False,False,True,False,False,False,True,True,True
0.7859194764450727,0.18188957072316,0.1170727391063699,True,False,False,False,False,False,False,False,True,False,True,False,True
-1.0615950345499765,-1.2454751363609269,-0.7186636495173314,False,False,False,False,False,False,False,True,False,False,True,True,False
0.19207552648237824,0.4072629455259106,0.6742303315221709,False,False,True,False,False,False,False,False,False,True,True,True,True
1.445746087514733,1.45900536127208,1.231387923937972,True,False,True,False,False,False,True,False,False,False,True,True,True
-3.1730401899728897,-2.823088759980181,-2.8080046210765848,False,True,False,False,False,False,False,False,False,True,False,True,False
-1.3255256789778407,-2.071844177304346,-1.5544000381410328,True,False,True,False,False,False,False,True,False,False,False,False,False
-0.7976643901221123,-0.8698528450230093,-0.509729552361406,False,False,True,False,False,False,False,False,False,False,False,True,False
-0.005872456838519888,-0.0434838040795905,-0.3704401542574558,True,False,False,True,False,False,True,False,False,False,True,True,False
-0.07185511794548592,0.4072629455259106,0.1170727391063699,False,True,False,False,False,False,False,False,True,False,False,False,False
-1.4574910011917728,-1.1703506780933437,-1.066887144777207,True,False,False,True,False,False,False,False,True,False,True,True,False
0.19207552648237824,-1.0675827619988856e-15,0.0474280400543948,False,False,True,False,False,False,False,False,False,False,True,True,False
0.5219888320172085,0.1067651124555765,0.8135197296261212,True,False,False,True,False,True,False,False,False,False,False,False,True
0.45600617091024237,-1.0675827619988856e-15,0.2563621372103202,True,False,False,False,False,False,False,True,False,False,False,True,False
0.19207552648237824,-1.1703506780933437,-0.9275977466732568,True,True,False,False,False,False,False,False,True,False,True,True,False
0.060110204268446155,-0.0434838040795905,0.4652962343662455,False,False,True,False,False,True,False,False,False,False,True,True,True
0.2580581875893443,0.0316406541879929,-0.2311507561535056,True,False,True,False,False,False,True,False,False,False,True,True,False
-0.26980310126638407,0.0316406541879929,0.4652962343662455,False,False,False,True,False,False,False,True,False,False,True,True,False
0.19207552648237824,-1.0675827619988856e-15,0.0474280400543948,False,False,False,True,False,False,False,False,False,False,True,True,False
-0.203820440159418,-0.3439816371499246,-0.509729552361406,False,True,False,False,False,False,False,False,True,False,True,True,False
-0.6656990679081803,0.18188957072316,-0.2311507561535056,False,False,False,False,True,False,False,True,False,False,False,True,False
-1.721421645619637,-2.071844177304346,-2.1115576305568338,True,False,False,True,False,False,False,False,True,False,True,True,False
2.0395900374774274,1.3087564447369129,0.9528091277300714,True,False,False,False,True,False,False,False,True,False,True,True,True
0.9838674597659707,0.8580096951314118,0.7438750305741461,True,False,False,False,True,False,False,False,False,False,True,False,True
0.5219888320172085,0.8580096951314118,1.0224538267820464,False,False,False,True,False,False,False,False,False,False,True,True,True
-1.0615950345499765,-0.4191060954175082,-0.6490189504653563,False,False,False,True,False,False,False,False,False,True,False,True,False
0.5879714931241745,1.5341298195396635,1.3706773220419222,False,False,False,True,False,False,False,False,False,False,False,False,True
-0.5997164068012143,-1.0675827619988856e-15,0.0474280400543948,True,True,False,False,False,False,False,False,False,False,False,True,False
-0.7316817290151464,-0.6444794702202588,-0.997242445725232,True,False,True,False,False,False,False,False,False,False,False,True,False
-0.5337337456942483,0.2570140289907435,-0.0222166589975802,False,False,True,False,False,False,False,False,False,False,True,True,False
-0.8636470512290784,-0.8698528450230093,-0.2311507561535056,False,True,False,False,False,False,False,False,False,False,True,True,False
-0.46775108458728215,-0.3439816371499246,-0.1615060571015305,True,True,False,False,False,False,False,False,True,False,False,False,False
-1.0615950345499765,-1.0675827619988856e-15,-0.997242445725232,False,False,False,False,True,False,False,False,False,False,False,True,False
-0.07185511794548592,-1.1703506780933437,-0.7883083485693065,True,True,False,False,False,False,False,False,False,False,True,True,False
-0.7316817290151464,-0.3439816371499246,-0.440084853309431,False,False,False,False,False,False,False,False,False,False,True,False,False
-0.005872456838519888,0.1067651124555765,0.5349409334182207,False,False,True,False,False,False,True,False,False,False,True,True,True
-0.5997164068012143,0.332138487258327,0.5349409334182207,False,False,False,True,False,False,False,False,False,False,False,False,False
1.0498501208729367,1.0833830699341624,0.9528091277300714,True,False,True,False,False,False,True,False,False,False,True,False,True
-0.8636470512290784,-1.09522621982576,-1.4151106400370823,True,False,False,False,True,False,False,False,True,False,True,True,False
0.7199368153381066,-0.0434838040795905,-0.0222166589975802,True,False,False,False,True,False,False,False,False,False,False,False,True
-0.8636470512290784,-1.9215952607691784,-1.8329788343489333,True,False,True,False,False,False,False,False,True,False,True,True,False
1.445746087514733,0.6326363203286612,0.4652962343662455,True,False,False,True,False,False,True,False,False,False,True,True,True
0.32404084869631034,-1.0675827619988856e-15,0.0474280400543948,False,False,True,False,False,False,False,False,False,False,False,False,False
-2.183300273368399,-1.0675827619988856e-15,-1.7633341352969585,False,False,True,False,False,False,True,False,False,False,False,True,False
1.0498501208729367,1.158507528201746,1.231387923937972,False,False,False,False,True,False,False,False,False,False,True,False,True
-0.9296297123360444,-1.09522621982576,-1.3454659409851075,True,False,False,True,False,False,False,False,False,False,True,True,False
-0.5337337456942483,-0.7947283867554258,-0.7186636495173314,True,False,False,True,False,False,False,False,True,False,True,False,False
-4.360728089898279,-1.0675827619988856e-15,0.0474280400543948,False,False,True,False,False,False,False,False,False,False,False,True,False
0.8519021375520386,0.332138487258327,0.2563621372103202,True,False,False,False,True,True,False,False,False,False,False,False,True
-1.787404306726603,-2.2972175521070963,-2.3901364267647343,True,False,False,False,False,False,False,False,False,True,False,True,False
-0.26980310126638407,-0.6444794702202588,-0.9275977466732568,True,False,False,False,False,False,False,False,False,False,False,True,False
0.19207552648237824,-1.0675827619988856e-15,0.1867174381583451,False,False,True,False,False,False,False,False,False,False,True,True,False
-0.46775108458728215,-0.8698528450230093,-0.6490189504653563,False,False,False,True,False,False,False,False,False,True,True,True,False
0.060110204268446155,-0.4191060954175082,-0.509729552361406,True,True,False,False,False,False,False,False,False,True,True,True,False
-1.3915083400848067,-1.0675827619988856e-15,0.0474280400543948,True,False,False,True,False,False,False,False,False,False,False,True,False
-0.4017684234803161,-1.0675827619988856e-15,0.0474280400543948,False,False,True,False,False,False,False,False,False,False,True,True,False
-0.3357857623733501,-0.8698528450230093,-0.8579530476212817,True,True,False,False,False,False,False,False,False,False,False,True,False
-1.787404306726603,-0.4191060954175082,-0.7883083485693065,False,False,True,False,False,False,False,False,False,False,True,True,False
-0.5337337456942483,-1.0675827619988856e-15,0.0474280400543948,False,False,False,True,False,False,False,False,False,False,False,False,False
-0.203820440159418,-1.09522621982576,-0.3704401542574558,True,False,False,True,False,False,False,False,True,False,True,False,False
-1.655438984512671,-1.0675827619988856e-15,-1.4151106400370823,False,False,False,False,False,False,False,False,False,False,False,True,False
-0.3357857623733501,-0.9449773032905928,-0.8579530476212817,True,False,True,False,False,False,False,False,False,True,False,True,False
-1.1275776956569425,-1.5459729694312612,-1.9026235334009085,True,False,True,False,False,False,False,False,False,True,True,True,False
-1.4574910011917728,-2.146968635571929,-2.1115576305568338,True,True,False,False,False,False,False,False,False,False,False,True,False
-2.381248256689297,-1.0675827619988856e-15,0.0474280400543948,True,False,False,False,True,False,False,False,False,False,True,True,False
0.9178847986590046,0.6326363203286612,0.8831644286780963,True,False,False,False,False,True,False,False,False,False,True,False,True
-0.3357857623733501,0.332138487258327,0.2563621372103202,False,False,False,True,False,False,False,False,False,True,True,False,False
-0.26980310126638407,-0.118608262347174,-0.0222166589975802,False,False,False,False,True,False,False,True,False,False,True,True,False
-1.2595430178708746,-1.5459729694312612,-1.2758212419331325,False,True,False,False,False,False,False,False,False,False,True,True,False
-1.1275776956569425,-1.8464708025015952,-1.624044737193008,True,True,False,False,False,False,True,False,False,False,False,True,False
-1.0615950345499765,-1.6962218859664282,-0.997242445725232,True,False,False,False,False,False,False,False,True,False,False,False,False
0.3900235098032764,-0.4191060954175082,-0.3704401542574558,True,False,False,False,True,False,False,False,False,False,True,True,False
-1.5894563234057049,-2.2972175521070963,-2.3901364267647343,True,False,False,True,False,False,True,False,False,False,False,True,False
0.45600617091024237,0.7828852368638283,0.9528091277300714,False,False,True,False,False,False,False,False,True,False,True,True,True
0.6539541542311406,-1.0675827619988856e-15,1.3706773220419222,False,False,True,False,False,False,False,False,True,False,False,True,False
0.32404084869631034,0.1067651124555765,0.3956515353142704,False,False,False,True,False,False,False,False,False,False,True,True,True
-0.5337337456942483,-1.0675827619988856e-15,-0.0918613580495553,False,False,False,False,False,False,False,False,False,False,True,True,False
0.45600617091024237,1.2336319864693297,0.9528091277300714,False,False,False,True,False,False,False,False,False,True,True,True,True
-0.07185511794548592,0.18188957072316,0.3956515353142704,False,False,True,False,False,True,False,False,False,False,True,True,True
-2.5791962400101953,-2.672839843445014,-2.250847028660784,True,False,True,False,False,False,True,False,False,False,False,True,False
0.32404084869631034,0.7077607785962448,0.1867174381583451,True,False,True,False,False,False,True,False,False,False,True,True,True
-1.5234736622987388,-1.8464708025015952,-1.2758212419331325,True,False,True,False,False,False,False,False,False,False,False,False,False
0.8519021375520386,1.2336319864693297,1.6492561182498229,False,True,False,False,False,False,False,False,True,False,True,True,True
0.7859194764450727,0.8580096951314118,0.9528091277300714,True,False,True,False,False,False,False,False,False,False,False,False,True
-0.07185511794548592,-1.0675827619988856e-15,0.0474280400543948,True,True,False,False,False,False,False,False,False,False,True,False,False
-0.203820440159418,0.18188957072316,0.1170727391063699,False,False,False,False,True,False,False,False,True,False,True,False,False
-0.5337337456942483,-0.1937327206147576,-0.440084853309431,False,False,False,True,False,False,False,False,True,False,False,True,False
-0.07185511794548592,-0.1937327206147576,-0.440084853309431,False,False,False,True,False,True,False,False,False,False,True,True,False
0.8519021375520386,-0.1937327206147576,-0.0918613580495553,True,True,False,False,False,False,False,False,True,False,True,True,True
0.1260928653754122,-1.0675827619988856e-15,0.0474280400543948,True,False,False,True,False,False,False,False,False,False,True,False,False
1.2477981041938349,1.609254277807247,1.4403220210938972,False,False,False,True,False,False,False,False,False,False,True,True,True
-0.4017684234803161,-1.9215952607691784,-1.4847553390890578,True,True,False,False,False,False,True,False,False,False,True,False,False
2.1055726985843934,1.2336319864693297,1.5099667201458724,True,False,True,False,False,False,False,False,True,False,True,False,True
-0.5337337456942483,-0.1937327206147576,0.2563621372103202,False,False,True,False,False,False,False,False,True,False,True,True,False
1.379763426407767,2.2853744022154987,2.206413710665624,False,False,False,True,False,False,False,True,False,False,True,True,True
-0.005872456838519888,-1.0675827619988856e-15,0.0474280400543948,True,False,False,False,True,False,False,False,False,False,True,False,False
-0.9296297123360444,0.4823874037934941,0.1170727391063699,False,True,False,False,False,False,False,False,False,False,False,True,False
0.2580581875893443,-0.4191060954175082,0.2563621372103202,False,True,False,False,False,False,False,False,False,True,True,True,False
0.7199368153381066,1.45900536127208,2.067124312561673,False,False,False,True,False,False,False,False,False,False,False,False,True
-0.26980310126638407,-1.09522621982576,-1.3454659409851075,True,False,True,False,False,False,True,False,False,False,True,True,False
-0.7976643901221123,-1.2454751363609269,-1.4847553390890578,True,False,False,False,False,False,False,False,False,False,True,True,False
-0.9956123734430105,-0.8698528450230093,-0.997242445725232,False,False,False,True,False,False,False,False,True,False,True,True,False
2.1715553596913595,2.2853744022154987,2.206413710665624,False,False,False,False,True,True,False,False,False,False,True,False,True
1.1818154430868688,0.5575118620610777,0.3956515353142704,True,False,True,False,False,False,True,False,False,False,True,True,True
0.5879714931241745,1.158507528201746,0.9528091277300714,False,True,False,False,False,True,False,False,False,False,False,True,True
0.7859194764450727,0.9331341533989952,0.7438750305741461,False,False,False,True,False,True,False,False,False,False,True,True,True
-0.9956123734430105,-0.4942305536850917,-0.509729552361406,False,False,False,True,False,False,False,False,False,True,True,True,False
-0.7316817290151464,-0.0434838040795905,-0.2311507561535056,False,False,True,False,False,False,False,False,True,False,True,True,False
0.8519021375520386,-1.0675827619988856e-15,1.4403220210938972,False,False,True,False,False,True,False,False,False,False,True,False,False
1.6436940708356311,1.45900536127208,1.6492561182498229,True,True,False,False,False,False,False,False,False,False,True,False,True
1.445746087514733,1.7595031943424142,1.7189008173017977,False,False,True,False,False,False,False,False,True,False,True,False,True
-0.203820440159418,-0.9449773032905928,-0.8579530476212817,True,False,False,True,False,False,True,False,False,False,False,True,False
1.1158327819799028,0.7828852368638283,0.3260068362622954,True,False,False,False,True,False,False,False,True,False,True,True,True
1.379763426407767,1.9097521108775808,1.231387923937972,False,True,False,False,False,False,True,False,False,False,True,True,True
0.3900235098032764,-0.118608262347174,-0.0918613580495553,True,True,False,False,False,False,False,False,False,True,True,True,False
-0.07185511794548592,0.5575118620610777,0.3956515353142704,True,False,False,True,False,False,False,False,True,False,True,False,True
1.0498501208729367,0.9331341533989952,0.3956515353142704,True,False,False,True,False,False,False,True,False,False,True,True,True
-0.9956123734430105,-1.5459729694312612,-1.2061765428811573,False,False,False,False,False,True,False,False,False,False,True,True,False
1.511728748621699,1.0833830699341624,0.9528091277300714,True,False,False,True,False,False,False,True,False,False,True,True,True
-0.8636470512290784,-2.447466468642264,-1.9722682324528835,True,False,True,False,False,False,False,False,False,True,False,False,False
1.379763426407767,0.332138487258327,0.1170727391063699,True,False,False,False,True,False,False,False,True,False,False,False,True
0.5879714931241745,0.8580096951314118,1.0920985258340217,False,False,True,False,False,False,False,False,True,False,True,False,True
0.5219888320172085,0.7077607785962448,0.4652962343662455,True,False,False,True,False,True,False,False,False,False,False,False,True
-0.5337337456942483,-1.09522621982576,-1.4151106400370823,True,False,True,False,False,True,False,False,False,False,True,True,False
-0.9956123734430105,-1.0675827619988856e-15,0.0474280400543948,True,True,False,False,False,False,False,False,False,False,True,False,False
0.2580581875893443,-1.09522621982576,-0.8579530476212817,True,False,False,False,True,False,True,False,False,False,True,True,False
-0.46775108458728215,-0.2688571788823411,-0.0918613580495553,False,False,True,False,False,False,False,False,False,False,True,True,False
0.32404084869631034,-1.0675827619988856e-15,0.0474280400543948,True,False,False,True,False,False,False,False,False,False,True,False,False
0.6539541542311406,0.18188957072316,0.1867174381583451,False,False,False,True,False,False,False,False,False,True,True,True,True
-0.46775108458728215,-0.5693550119526752,-0.3007954552054807,False,False,True,False,False,False,False,False,True,False,False,True,False
-1.5894563234057049,-1.09522621982576,-0.997242445725232,False,False,False,False,True,False,False,False,True,False,False,False,False
-0.5997164068012143,-1.9967197190367625,-1.4847553390890578,True,False,False,False,False,False,True,False,False,False,True,True,False
1.445746087514733,0.2570140289907435,0.6742303315221709,True,False,False,True,False,False,False,False,True,False,True,True,True
-2.9091095455450255,-2.2972175521070963,-2.459781125816709,False,False,True,False,False,False,False,False,True,False,False,True,False
1.445746087514733,1.0833830699341624,0.4652962343662455,True,True,False,False,False,False,False,False,False,True,True,True,True
0.45600617091024237,-0.118608262347174,-0.1615060571015305,True,False,True,False,False,False,False,False,False,False,False,True,False
0.1260928653754122,0.4072629455259106,0.8831644286780963,False,False,False,True,False,True,False,False,False,False,True,False,True
2.2375380207983255,2.2853744022154987,1.7189008173017977,True,False,False,False,True,False,False,False,False,False,False,False,True
-0.26980310126638407,-0.1937327206147576,0.0474280400543948,True,False,False,False,False,False,False,False,False,True,True,False,False
0.7199368153381066,-0.1937327206147576,-0.0222166589975802,True,False,False,False,False,True,False,False,False,False,True,True,True
-0.46775108458728215,0.0316406541879929,-0.1615060571015305,False,True,False,False,False,False,False,False,False,False,True,False,False
-0.7976643901221123,-1.5459729694312612,-1.4847553390890578,True,False,False,True,False,True,False,False,False,False,True,True,False
-0.26980310126638407,-0.1937327206147576,-0.509729552361406,True,False,False,True,False,False,False,False,False,True,True,True,False
0.2580581875893443,1.45900536127208,1.3706773220419222,False,False,True,False,False,False,False,False,True,False,True,False,True
-0.005872456838519888,0.332138487258327,0.6742303315221709,False,False,False,False,True,False,True,False,False,False,False,False,True
-0.4017684234803161,-0.7196039284878423,-0.5793742514133812,True,True,False,False,False,False,False,False,True,False,False,True,False
-0.3357857623733501,1.2336319864693297,1.301032622989947,False,True,False,False,False,False,False,False,False,False,True,False,True
-0.005872456838519888,-0.5693550119526752,-0.3007954552054807,True,False,False,True,False,False,False,False,False,False,False,True,False
1.0498501208729367,0.6326363203286612,0.3956515353142704,True,True,False,False,False,False,False,False,False,False,False,False,True
0.5879714931241745,1.3838809030044965,1.161743224885997,False,False,False,False,True,False,False,False,True,False,False,False,True
-1.1275776956569425,-1.2454751363609269,-1.136531843829182,True,True,False,False,False,False,False,True,False,False,False,True,False
-0.9296297123360444,-1.2454751363609269,-1.3454659409851075,True,False,True,False,False,False,True,False,False,False,True,True,False
0.9838674597659707,1.6843787360748306,1.5796114191978474,False,False,False,False,True,False,False,True,False,False,True,True,True
1.9736073763704614,2.2853744022154987,2.206413710665624,False,False,True,False,False,True,False,False,False,False,True,False,True
-0.8636470512290784,-1.395724052896094,-1.2061765428811573,True,False,True,False,False,False,True,False,False,False,False,False,False
-0.5337337456942483,0.4823874037934941,0.6742303315221709,False,True,False,False,False,False,False,True,False,False,False,False,True
0.1260928653754122,-1.0675827619988856e-15,0.6742303315221709,False,True,False,False,False,False,True,False,False,False,True,False,False
0.060110204268446155,0.4072629455259106,0.1170727391063699,False,False,True,False,False,False,False,False,True,False,False,False,True
0.3900235098032764,0.2570140289907435,0.3956515353142704,True,False,False,False,False,False,True,False,False,False,True,False,True
1.8416420541565293,1.3838809030044965,0.6742303315221709,True,False,False,False,True,False,False,False,False,True,True,True,True
0.8519021375520386,1.2336319864693297,0.8831644286780963,False,False,False,True,False,False,False,False,True,False,True,True,True
-0.203820440159418,-0.1937327206147576,0.1170727391063699,False,False,True,False,False,False,False,False,False,False,True,True,False
-1.5234736622987388,-1.0675827619988856e-15,0.0474280400543948,False,False,True,False,False,False,False,False,False,False,False,False,False
0.9838674597659707,1.609254277807247,1.301032622989947,False,False,True,False,False,False,False,True,False,False,True,False,True
-1.3255256789778407,-1.1703506780933437,-0.7186636495173314,False,True,False,False,False,False,True,False,False,False,False,False,False
0.32404084869631034,0.5575118620610777,0.6045856324701958,False,False,True,False,False,False,False,False,False,False,True,False,True
-0.9296297123360444,0.0316406541879929,-0.440084853309431,False,True,False,False,False,False,False,True,False,False,False,False,False
2.0395900374774274,2.2853744022154987,2.206413710665624,False,False,False,True,False,False,False,False,False,True,True,False,True
-0.26980310126638407,-0.118608262347174,0.4652962343662455,True,False,True,False,False,False,False,True,False,False,False,False,False
-1.3255256789778407,-0.4191060954175082,-0.1615060571015305,False,False,True,False,False,False,False,False,True,False,False,True,False
-1.0615950345499765,-1.4708485111636775,-1.4847553390890578,False,False,False,False,True,False,True,False,False,False,True,True,False
-0.07185511794548592,-0.0434838040795905,0.1170727391063699,False,False,False,True,False,False,False,False,False,False,True,True,False
-1.3915083400848067,-1.0675827619988856e-15,-1.3454659409851075,True,False,True,False,False,False,False,False,False,True,False,False,False
-0.07185511794548592,-0.1937327206147576,-0.2311507561535056,True,False,True,False,False,False,False,False,False,False,False,False,False
0.9178847986590046,0.4823874037934941,-0.2311507561535056,True,False,False,False,True,False,True,False,False,False,True,True,True
-0.26980310126638407,-0.2688571788823411,-0.0222166589975802,True,False,False,True,False,False,False,False,False,True,True,False,False
-1.1935603567639086,-1.3205995946285105,-1.624044737193008,True,True,False,False,False,False,False,False,False,True,False,True,False
0.7199368153381066,1.3838809030044965,1.301032622989947,False,False,True,False,False,True,False,False,False,False,True,True,True
-0.005872456838519888,-0.3439816371499246,0.0474280400543948,False,False,False,False,True,False,False,False,False,False,True,True,False
0.6539541542311406,1.0082586116665788,0.7438750305741461,True,False,False,True,False,False,False,False,True,False,True,False,True
-0.26980310126638407,-0.4191060954175082,-0.1615060571015305,False,True,False,False,False,False,False,False,False,True,True,True,False
0.7199368153381066,-0.5693550119526752,-0.440084853309431,True,False,False,True,False,False,False,False,True,False,True,False,False
0.19207552648237824,1.0833830699341624,1.161743224885997,False,False,True,False,False,False,False,True,False,False,True,False,True
-0.3357857623733501,-1.09522621982576,-1.136531843829182,True,False,False,True,False,False,False,False,False,False,True,True,False
-0.46775108458728215,-0.0434838040795905,-0.2311507561535056,True,False,True,False,False,False,False,False,False,True,False,False,False
-0.7316817290151464,-1.0201017615581764,-1.2061765428811573,True,False,False,False,True,False,True,False,False,False,False,True,False
-1.3915083400848067,-1.0675827619988856e-15,0.0474280400543948,False,True,False,False,False,False,False,False,False,False,False,True,False
0.7859194764450727,0.7077607785962448,0.5349409334182207,False,True,False,False,False,True,False,False,False,False,False,True,True
0.060110204268446155,1.0833830699341624,1.231387923937972,False,False,True,False,False,False,False,False,False,False,True,False,True
-0.07185511794548592,0.8580096951314118,0.6045856324701958,False,False,False,True,False,False,False,False,True,False,False,True,True
0.19207552648237824,0.5575118620610777,0.0474280400543948,True,False,True,False,False,False,False,False,False,False,True,True,True
-0.5997164068012143,-0.0434838040795905,-0.0222166589975802,False,True,False,False,False,False,False,False,False,False,True,True,False
-0.46775108458728215,-2.146968635571929,-1.8329788343489333,True,False,True,False,False,False,False,False,True,False,True,True,False
0.5219888320172085,0.1067651124555765,0.6742303315221709,True,False,False,True,False,False,False,False,False,True,True,False,True
1.0498501208729367,-0.5693550119526752,-0.440084853309431,True,False,False,False,True,True,False,False,False,False,True,True,False
0.9838674597659707,0.7828852368638283,0.5349409334182207,True,False,False,False,True,False,True,False,False,False,True,False,True
0.5219888320172085,0.8580096951314118,0.5349409334182207,False,True,False,False,False,False,False,False,True,False,False,True,True
-0.5337337456942483,-1.0675827619988856e-15,0.0474280400543948,False,True,False,False,False,False,False,False,False,False,False,True,False
0.9178847986590046,-1.0675827619988856e-15,0.0474280400543948,True,False,False,True,False,False,False,False,False,False,False,False,False
-2.051334951154467,-3.123586593050516,-2.87764932012856,True,False,True,False,False,False,False,False,True,False,False,True,False
-1.5894563234057049,-0.5693550119526752,-0.5793742514133812,False,False,True,False,False,False,True,False,False,False,False,True,False
-0.4017684234803161,-1.395724052896094,-0.8579530476212817,True,False,True,False,False,False,False,False,False,False,False,False,False
1.379763426407767,1.609254277807247,0.8831644286780963,True,False,False,False,True,False,True,False,False,False,True,False,True
1.1818154430868688,-1.0675827619988856e-15,0.4652962343662455,True,True,False,False,False,False,False,False,False,True,True,False,False
1.1158327819799028,1.2336319864693297,1.3706773220419222,False,False,False,False,True,False,False,False,False,False,False,False,True
-2.117317612261433,-2.071844177304346,-2.0419129315048585,False,False,True,False,False,False,True,False,False,False,False,True,False
-0.005872456838519888,-1.0675827619988856e-15,0.1170727391063699,True,True,False,False,False,False,False,False,False,False,False,True,False
-0.3357857623733501,-1.0201017615581764,-0.8579530476212817,True,True,False,False,False,False,False,False,False,True,True,False,False
-0.6656990679081803,-0.118608262347174,0.3956515353142704,False,False,False,True,False,False,True,False,False,False,True,False,False
1.379763426407767,-1.0675827619988856e-15,0.0474280400543948,True,True,False,False,False,False,False,False,False,False,True,True,False
-0.7316817290151464,-0.3439816371499246,-0.440084853309431,False,False,True,False,False,False,False,False,False,True,False,True,False
1.313780765300801,0.7828852368638283,0.4652962343662455,True,False,False,True,False,False,False,False,False,True,True,True,True
-0.9296297123360444,-0.2688571788823411,0.3260068362622954,False,True,False,False,False,False,False,False,False,False,True,False,False
-1.3915083400848067,-1.0201017615581764,-0.997242445725232,False,False,False,False,True,False,False,True,False,False,False,True,False
0.3900235098032764,0.18188957072316,0.1867174381583451,False,False,True,False,False,False,False,False,True,False,True,True,True
-0.5997164068012143,-1.4708485111636775,-0.997242445725232,True,False,False,True,False,False,True,False,False,False,True,True,False
0.1260928653754122,0.18188957072316,-0.3007954552054807,True,False,False,False,False,False,False,False,False,True,False,True,False
1.445746087514733,1.9097521108775808,1.788545516353773,False,False,True,False,False,False,False,False,True,False,True,False,True
0.6539541542311406,-0.4191060954175082,-0.1615060571015305,True,False,False,True,False,False,False,False,True,False,True,True,False
-1.3255256789778407,-1.9967197190367625,-1.8329788343489333,True,False,True,False,False,False,False,False,False,False,True,True,False
0.060110204268446155,1.2336319864693297,1.0224538267820464,False,True,False,False,False,True,False,False,False,False,True,True,True
1.7096767319425972,1.3087564447369129,0.6742303315221709,True,False,False,False,True,False,False,False,False,True,True,True,True
1.1158327819799028,0.9331341533989952,1.0920985258340217,True,False,True,False,False,True,False,False,False,False,True,False,True
0.9178847986590046,-1.0675827619988856e-15,0.0474280400543948,True,False,False,True,False,False,False,False,False,False,True,True,False
-0.203820440159418,-0.2688571788823411,-0.0918613580495553,True,False,False,True,False,True,False,False,False,False,False,True,False
-0.13783777905245198,-1.0675827619988856e-15,0.3956515353142704,False,False,False,True,False,False,False,False,False,True,True,False,False
-0.7976643901221123,-1.3205995946285105,-1.2061765428811573,True,True,False,False,False,False,False,False,True,False,True,True,False
1.1818154430868688,0.7828852368638283,0.8135197296261212,True,False,True,False,False,False,False,False,False,False,True,True,True
0.45600617091024237,-0.118608262347174,-0.1615060571015305,True,False,False,True,False,False,True,False,False,False,False,False,False
0.9178847986590046,1.0082586116665788,1.0224538267820464,False,False,False,False,True,True,False,False,False,False,True,True,True
-0.6656990679081803,-1.3205995946285105,-0.9275977466732568,False,False,False,True,False,False,True,False,False,False,True,True,False
-0.46775108458728215,-1.395724052896094,-1.7633341352969585,True,False,False,False,True,False,False,False,True,False,True,True,False
0.5879714931241745,-1.0675827619988856e-15,0.0474280400543948,True,False,False,True,False,False,False,False,False,True,True,True,False
1.2477981041938349,0.4823874037934941,0.1867174381583451,True,False,True,False,False,False,False,False,False,False,True,True,True
1.511728748621699,0.4823874037934941,0.3956515353142704,True,False,False,False,True,False,False,False,False,False,True,True,True
-0.5337337456942483,-1.0675827619988856e-15,-0.0222166589975802,False,True,False,False,False,False,True,False,False,False,True,False,False
-0.07185511794548592,-0.4191060954175082,-0.440084853309431,False,True,False,False,False,False,True,False,False,False,True,True,False
0.1260928653754122,-0.7196039284878423,-1.066887144777207,True,False,True,False,False,False,True,False,False,False,True,True,False
-1.2595430178708746,-1.5459729694312612,-1.3454659409851075,True,False,False,False,False,False,False,False,False,True,True,False,False
0.32404084869631034,1.0082586116665788,1.0224538267820464,False,False,False,True,False,False,False,False,True,False,False,True,True
-0.4017684234803161,0.0316406541879929,0.1170727391063699,False,True,False,False,False,False,False,False,False,True,True,False,False
0.9178847986590046,0.7828852368638283,0.2563621372103202,True,False,False,True,False,False,False,True,False,False,True,True,True
-0.7976643901221123,-1.3205995946285105,-1.136531843829182,True,False,False,True,False,False,True,False,False,False,True,True,False
-0.26980310126638407,0.2570140289907435,0.1170727391063699,False,False,False,False,True,False,False,False,True,False,True,True,False
-0.13783777905245198,-1.0675827619988856e-15,-0.0222166589975802,False,False,True,False,False,False,False,False,False,False,False,True,False
0.7859194764450727,0.5575118620610777,0.6045856324701958,True,False,True,False,False,False,False,False,False,False,True,False,True
0.2580581875893443,0.4072629455259106,0.6742303315221709,False,True,False,False,False,False,False,False,True,False,True,True,True
-0.07185511794548592,0.8580096951314118,0.8831644286780963,False,False,True,False,False,False,False,True,False,False,False,False,True
-0.13783777905245198,-1.0675827619988856e-15,0.6045856324701958,False,False,True,False,False,False,False,False,False,True,False,False,False
0.8519021375520386,-1.0675827619988856e-15,0.0474280400543948,True,False,True,False,False,False,False,False,False,False,True,False,False
-1.4574910011917728,-1.4708485111636775,-1.2061765428811573,False,False,True,False,False,False,False,False,False,True,False,True,False
2.1715553596913595,1.7595031943424142,1.5099667201458724,False,False,False,False,True,False,True,False,False,False,True,True,True
0.6539541542311406,0.2570140289907435,-0.0222166589975802,True,False,False,True,False,False,True,False,False,False,True,True,True
-0.46775108458728215,-1.0675827619988856e-15,-1.9026235334009085,True,False,False,True,False,False,False,False,False,True,False,True,False
-0.203820440159418,0.4072629455259106,0.8831644286780963,False,False,True,False,False,True,False,False,False,False,True,True,True
0.19207552648237824,0.18188957072316,0.6045856324701958,False,False,False,True,False,False,True,False,False,False,True,True,True
1.445746087514733,1.6843787360748306,1.858190215405748,False,False,False,True,False,False,False,False,False,False,True,False,True
0.32404084869631034,0.4823874037934941,0.1170727391063699,False,False,False,False,True,False,False,False,True,False,False,True,True
0.19207552648237824,-0.4942305536850917,-0.509729552361406,True,False,True,False,False,True,False,False,False,False,True,True,False
-0.5337337456942483,-1.5459729694312612,-1.8329788343489333,True,False,True,False,False,False,False,False,True,False,True,True,False
-1.2595430178708746,-1.2454751363609269,-0.7186636495173314,False,False,False,True,False,False,False,False,False,False,False,True,False
-0.07185511794548592,0.0316406541879929,0.1867174381583451,False,False,False,True,False,False,False,False,True,False,True,True,False
1.445746087514733,1.158507528201746,0.5349409334182207,True,True,False,False,False,False,False,False,True,False,True,False,True
1.1158327819799028,-1.0675827619988856e-15,0.0474280400543948,True,False,True,False,False,False,False,False,False,False,True,True,False
1.2477981041938349,1.6843787360748306,1.7189008173017977,False,False,True,False,False,False,False,False,False,True,True,False,True
-0.46775108458728215,-1.0675827619988856e-15,0.0474280400543948,False,False,False,False,True,False,False,False,False,False,True,False,False
-0.07185511794548592,1.2336319864693297,0.8135197296261212,False,False,True,False,False,False,False,False,False,True,False,True,True
0.45600617091024237,-1.0201017615581764,-0.7883083485693065,True,True,False,False,False,True,False,False,False,False,False,True,False
-0.8636470512290784,-1.0675827619988856e-15,0.0474280400543948,True,False,False,True,False,False,False,False,False,False,True,True,False
-1.3915083400848067,-1.0675827619988856e-15,-1.5544000381410328,True,False,False,True,False,False,True,False,False,False,True,True,False
0.45600617091024237,0.7077607785962448,1.0920985258340217,False,False,False,True,False,True,False,False,False,False,False,True,True
0.2580581875893443,0.6326363203286612,0.6742303315221709,False,False,False,True,False,False,False,False,True,False,False,False,True
-1.919369628940535,-1.7713463442340116,-1.5544000381410328,False,True,False,False,False,False,False,False,False,True,True,True,False
0.9838674597659707,0.9331341533989952,0.9528091277300714,True,True,False,False,False,False,False,False,False,False,True,False,True
2.0395900374774274,0.9331341533989952,1.3706773220419222,True,False,False,False,True,False,False,False,False,False,True,False,True
0.060110204268446155,1.45900536127208,0.9528091277300714,False,True,False,False,False,False,False,False,False,True,True,True,True
1.445746087514733,0.4072629455259106,0.5349409334182207,True,True,False,False,False,True,False,False,False,False,False,True,True
0.7199368153381066,-1.0675827619988856e-15,0.0474280400543948,True,False,False,False,True,False,False,False,False,False,True,False,False
0.6539541542311406,0.0316406541879929,-0.0222166589975802,True,False,True,False,False,False,False,False,False,False,True,True,True
1.313780765300801,0.2570140289907435,0.1170727391063699,True,False,False,True,False,False,False,False,False,True,True,True,True
-0.203820440159418,-1.0675827619988856e-15,0.0474280400543948,True,False,True,False,False,False,False,False,False,False,True,False,False
-0.07185511794548592,0.2570140289907435,0.4652962343662455,False,False,False,False,True,True,False,False,False,False,True,True,True
0.7859194764450727,-1.0675827619988856e-15,0.8135197296261212,True,False,False,True,False,False,True,False,False,False,False,False,False
0.060110204268446155,-0.5693550119526752,-0.5793742514133812,True,True,False,False,False,False,False,False,False,False,False,True,False
-1.3255256789778407,-1.0675827619988856e-15,0.0474280400543948,True,False,False,False,False,False,False,False,False,False,True,False,False
0.32404084869631034,0.332138487258327,-0.0222166589975802,True,False,False,False,True,False,False,False,False,False,True,False,True
-1.721421645619637,-1.7713463442340116,-1.2758212419331325,True,False,True,False,False,False,True,False,False,False,False,False,False
1.577711409728665,-1.0675827619988856e-15,0.0474280400543948,True,False,False,True,False,False,False,False,False,False,False,True,False
0.9838674597659707,0.6326363203286612,0.8831644286780963,True,False,False,False,False,False,False,False,True,False,False,False,True
-0.6656990679081803,-1.1703506780933437,-1.136531843829182,True,False,False,True,False,False,False,False,False,True,False,True,False
0.060110204268446155,1.0833830699341624,0.8831644286780963,False,False,True,False,False,False,False,False,False,False,True,False,True
0.9178847986590046,0.4823874037934941,-0.3007954552054807,True,True,False,False,False,False,False,False,False,False,True,True,True
0.5219888320172085,0.4072629455259106,1.0224538267820464,False,False,True,False,False,False,False,False,False,False,True,False,True
0.19207552648237824,-0.1937327206147576,0.0474280400543948,True,False,False,False,False,False,False,False,True,False,True,True,False
2.1715553596913595,1.3087564447369129,0.8831644286780963,True,False,False,False,True,False,False,False,True,False,True,False,True
-0.9956123734430105,-1.0675827619988856e-15,0.0474280400543948,True,False,True,False,False,False,False,False,False,False,True,True,False
-0.8636470512290784,0.1067651124555765,-0.0918613580495553,False,True,False,False,False,False,False,False,False,False,False,True,False
-1.1275776956569425,-0.9449773032905928,-1.136531843829182,False,False,False,True,False,False,True,False,False,False,False,True,False
0.45600617091024237,0.4823874037934941,0.8135197296261212,False,True,False,False,False,False,False,False,False,False,True,True,True
-0.005872456838519888,-0.7196039284878423,-0.7883083485693065,True,True,False,False,False,True,False,False,False,False,True,True,False
0.060110204268446155,-1.0675827619988856e-15,0.0474280400543948,True,False,False,True,False,False,False,False,False,False,True,False,False
0.1260928653754122,-0.1937327206147576,0.0474280400543948,False,False,True,False,False,False,False,False,False,False,False,False,False
-0.46775108458728215,-0.4191060954175082,0.4652962343662455,False,False,True,False,False,True,False,False,False,False,True,False,False
0.32404084869631034,-0.2688571788823411,-0.2311507561535056,True,False,True,False,False,False,True,False,False,False,True,True,False
0.7199368153381066,0.9331341533989952,1.5796114191978474,False,False,False,True,False,False,False,True,False,False,True,False,True
1.1158327819799028,0.18188957072316,0.6742303315221709,True,False,True,False,False,False,False,False,False,False,True,True,True
-0.203820440159418,-1.0675827619988856e-15,0.0474280400543948,True,True,False,False,False,False,False,False,False,False,True,True,False
-0.6656990679081803,-1.0675827619988856e-15,0.0474280400543948,False,False,False,True,False,False,False,False,False,False,False,True,False
0.060110204268446155,0.7077607785962448,1.0920985258340217,False,False,True,False,False,False,True,False,False,False,False,False,True
0.5879714931241745,-1.0675827619988856e-15,0.7438750305741461,False,False,False,False,True,False,True,False,False,False,True,True,False
0.32404084869631034,0.8580096951314118,0.8135197296261212,False,False,True,False,False,False,False,False,True,False,True,True,True
-1.5234736622987388,-1.2454751363609269,-1.066887144777207,False,False,True,False,False,False,False,False,False,True,False,True,False
-1.655438984512671,-1.7713463442340116,-1.7633341352969585,False,False,True,False,False,False,True,False,False,False,False,True,False
1.0498501208729367,1.5341298195396635,1.788545516353773,False,False,True,False,False,False,False,False,True,False,True,True,True
-0.3357857623733501,-0.6444794702202588,-0.440084853309431,True,False,True,False,False,False,False,False,True,False,True,True,False
-2.5132135789032293,-1.0675827619988856e-15,0.0474280400543948,True,False,False,False,False,False,False,False,False,False,False,True,False
1.0498501208729367,-1.0675827619988856e-15,0.0474280400543948,True,False,True,False,False,False,False,False,False,False,True,False,False
-1.655438984512671,-1.09522621982576,-1.2061765428811573,False,True,False,False,False,False,False,False,False,True,True,True,False
0.32404084869631034,-0.7196039284878423,-0.509729552361406,True,False,True,False,False,False,True,False,False,False,True,True,False
-1.2595430178708746,-2.447466468642264,-2.320491727712759,True,False,True,False,False,False,False,False,False,False,True,True,False
-0.26980310126638407,-1.0201017615581764,-1.066887144777207,True,False,False,False,True,False,False,False,False,False,True,False,False
1.577711409728665,0.6326363203286612,0.8831644286780963,True,True,False,False,False,False,False,False,False,False,True,True,True
1.1158327819799028,1.7595031943424142,1.858190215405748,False,False,True,False,False,True,False,False,False,False,True,True,True
-0.3357857623733501,-0.118608262347174,-0.1615060571015305,False,True,False,False,False,False,False,False,True,False,False,True,False
0.6539541542311406,0.0316406541879929,0.0474280400543948,True,False,False,True,False,False,False,False,False,True,True,False,True
-1.1275776956569425,-1.395724052896094,-1.7633341352969585,True,False,True,False,False,False,False,False,False,False,True,True,False
-2.7771442233310935,-2.37234201037468,-2.87764932012856,False,True,False,False,False,False,False,False,False,True,False,True,False
-2.051334951154467,-1.09522621982576,-0.5793742514133812,False,False,False,True,False,False,False,False,False,True,False,False,False
-0.5337337456942483,-0.6444794702202588,-1.136531843829182,True,False,True,False,False,False,True,False,False,False,False,True,False
-0.3357857623733501,0.2570140289907435,-0.3704401542574558,False,False,True,False,False,False,True,False,False,False,True,True,False
0.19207552648237824,0.4823874037934941,0.3956515353142704,False,True,False,False,False,False,True,False,False,False,True,False,True
0.060110204268446155,0.18188957072316,-0.0918613580495553,True,False,False,True,False,False,False,False,False,False,True,False,False
0.8519021375520386,0.2570140289907435,-0.0918613580495553,True,False,False,True,False,False,False,False,True,False,True,True,True
0.3900235098032764,0.7828852368638283,0.4652962343662455,False,False,True,False,False,False,True,False,False,False,True,True,True
-0.26980310126638407,-1.0675827619988856e-15,0.0474280400543948,True,True,False,False,False,False,False,False,False,False,True,True,False
0.7199368153381066,1.8346276526099976,1.858190215405748,False,False,True,False,False,True,False,False,False,False,True,False,True
0.5879714931241745,0.332138487258327,-0.1615060571015305,True,False,False,True,False,False,True,False,False,False,False,True,True
1.379763426407767,0.332138487258327,0.5349409334182207,True,False,False,False,True,False,False,False,False,False,True,True,True
-0.9296297123360444,-0.3439816371499246,0.0474280400543948,False,True,False,False,False,True,False,False,False,False,True,True,False
-0.005872456838519888,-1.0675827619988856e-15,-1.136531843829182,True,False,False,False,True,False,False,False,True,False,True,True,False
-0.203820440159418,0.6326363203286612,0.8135197296261212,False,False,True,False,False,False,False,False,True,False,True,False,True
-1.3255256789778407,-0.8698528450230093,-0.7883083485693065,False,False,True,False,False,False,False,False,False,False,True,True,False
-0.46775108458728215,0.1067651124555765,0.1170727391063699,False,False,True,False,False,False,False,False,True,False,True,True,False
-0.3357857623733501,0.18188957072316,0.1170727391063699,False,True,False,False,False,True,False,False,False,False,True,True,False
-0.203820440159418,-0.6444794702202588,-0.509729552361406,True,False,False,False,False,False,False,False,False,False,True,True,False
-1.5894563234057049,-0.2688571788823411,0.0474280400543948,False,False,True,False,False,False,False,False,True,False,False,False,False
-0.46775108458728215,-0.5693550119526752,-0.509729552361406,True,False,False,True,False,False,False,False,True,False,False,True,False
0.9178847986590046,1.5341298195396635,1.4403220210938972,False,False,False,True,False,False,False,False,True,False,True,True,True
-0.5337337456942483,-0.5693550119526752,-0.6490189504653563,False,True,False,False,False,False,True,False,False,False,True,True,False
1.2477981041938349,1.0833830699341624,0.6742303315221709,True,True,False,False,False,False,False,False,False,True,True,False,True
-0.9296297123360444,-0.8698528450230093,-0.7186636495173314,False,False,True,False,False,False,False,False,True,False,True,True,False
-2.5791962400101953,-2.672839843445014,-2.5294258248686847,False,False,False,True,False,False,False,False,False,True,False,True,False
-0.46775108458728215,-0.7196039284878423,-0.7186636495173314,True,False,True,False,False,False,False,False,True,False,True,True,False
-1.1275776956569425,-0.8698528450230093,-0.5793742514133812,True,False,False,False,False,True,False,False,False,False,False,False,False
0.19207552648237824,-0.8698528450230093,-1.066887144777207,True,False,True,False,False,False,True,False,False,False,True,False,False
-0.3357857623733501,-0.2688571788823411,-0.509729552361406,True,False,True,False,False,True,False,False,False,False,False,True,False
-1.4574910011917728,-0.4191060954175082,-0.7186636495173314,False,False,False,False,False,False,False,False,False,True,False,True,False
0.45600617091024237,1.0833830699341624,1.161743224885997,False,False,False,True,False,False,False,False,False,True,True,True,True
1.1818154430868688,-1.0675827619988856e-15,0.0474280400543948,True,False,False,False,True,False,False,False,False,False,True,True,False
-1.3915083400848067,-1.0675827619988856e-15,0.0474280400543948,False,False,True,False,False,False,False,False,False,False,False,False,False
0.5219888320172085,0.332138487258327,0.2563621372103202,True,False,False,True,False,False,False,False,False,True,True,True,True
1.0498501208729367,2.0600010274127483,1.9278349144577231,False,False,False,True,False,False,False,False,True,False,True,False,True
-0.46775108458728215,0.0316406541879929,0.3260068362622954,False,False,False,True,False,True,False,False,False,False,True,True,False
-1.3255256789778407,-1.9967197190367625,-1.9026235334009085,True,False,False,False,True,False,False,False,False,False,False,True,False
0.9178847986590046,1.5341298195396635,0.9528091277300714,False,False,False,True,False,False,False,False,False,True,True,True,True
1.2477981041938349,1.9097521108775808,2.206413710665624,False,False,False,True,False,False,False,True,False,False,False,False,True
0.32404084869631034,1.0082586116665788,0.6045856324701958,False,False,False,False,False,False,False,False,False,True,True,True,True
-0.005872456838519888,-0.4191060954175082,-0.440084853309431,True,False,False,False,False,True,False,False,False,False,True,True,False
0.9178847986590046,1.2336319864693297,1.0224538267820464,False,True,False,False,False,False,False,False,False,False,True,True,True
1.379763426407767,2.2853744022154987,1.858190215405748,True,False,True,False,False,False,False,False,False,False,True,False,True
0.8519021375520386,-1.0675827619988856e-15,0.1867174381583451,True,False,True,False,False,False,False,False,False,False,False,True,False
-1.853386967833569,-1.5459729694312612,-1.624044737193008,False,False,False,False,True,False,False,False,False,True,False,True,False
-1.853386967833569,-1.9967197190367625,-1.7633341352969585,False,False,False,False,False,False,False,False,False,True,False,True,False
0.060110204268446155,0.4823874037934941,0.4652962343662455,False,False,False,False,True,False,False,False,True,False,True,True,True
-0.13783777905245198,0.2570140289907435,0.1170727391063699,False,False,False,False,True,True,False,False,False,False,True,True,False
-0.5997164068012143,0.6326363203286612,-0.0918613580495553,False,False,True,False,False,False,False,False,False,False,False,True,False
-0.26980310126638407,-0.4191060954175082,-0.3007954552054807,False,False,False,True,False,False,True,False,False,False,True,True,False
0.45600617091024237,0.0316406541879929,0.4652962343662455,True,False,False,True,False,False,False,True,False,False,True,True,True
0.45600617091024237,-0.1937327206147576,-0.6490189504653563,True,False,False,False,True,False,False,False,False,True,False,False,False
0.7199368153381066,-0.118608262347174,0.6045856324701958,False,False,False,True,False,False,False,False,True,False,True,True,True
0.6539541542311406,-0.1937327206147576,-0.0918613580495553,True,False,False,False,True,False,False,False,True,False,True,True,False
-0.5997164068012143,-1.1703506780933437,-0.8579530476212817,True,False,True,False,False,False,False,False,False,False,True,False,False
-0.07185511794548592,0.332138487258327,0.6045856324701958,False,False,True,False,False,False,False,False,False,True,True,False,True
-1.1935603567639086,-1.8464708025015952,-1.9026235334009085,True,False,False,False,False,False,True,False,False,False,False,True,False
-1.0615950345499765,-0.1937327206147576,-0.3704401542574558,False,True,False,False,False,False,True,False,False,False,False,True,False
1.2477981041938349,1.45900536127208,1.858190215405748,False,False,True,False,False,False,False,False,False,False,True,True,True
0.5219888320172085,-0.4942305536850917,-0.7883083485693065,True,True,False,False,False,False,False,False,False,True,True,True,False
-0.4017684234803161,-0.7947283867554258,-0.997242445725232,True,False,False,True,False,False,False,False,False,True,True,True,False
-0.46775108458728215,-1.1703506780933437,-0.0918613580495553,False,False,True,False,False,False,False,False,False,True,True,False,False
-0.8636470512290784,-1.9967197190367625,-1.7633341352969585,True,False,False,False,False,False,False,False,True,False,True,True,False
-1.1275776956569425,-0.3439816371499246,-0.9275977466732568,False,False,False,False,False,False,False,False,True,False,False,True,False
1.445746087514733,2.210249943947915,2.206413710665624,False,False,False,True,False,False,True,False,False,False,True,False,True
-0.7976643901221123,-0.7947283867554258,-0.440084853309431,False,False,True,False,False,False,True,False,False,False,True,True,False
-0.203820440159418,0.2570140289907435,-0.0222166589975802,False,False,True,False,False,False,False,False,False,True,True,True,False
-0.07185511794548592,-0.3439816371499246,-0.3704401542574558,True,True,False,False,False,False,False,False,False,False,True,False,False
1.0498501208729367,0.7828852368638283,0.6045856324701958,False,True,False,False,False,False,False,False,False,False,True,True,True
-0.9296297123360444,-0.9449773032905928,-0.8579530476212817,False,False,False,True,False,False,True,False,False,False,False,False,False
1.379763426407767,1.0833830699341624,1.161743224885997,True,False,False,True,False,False,False,False,False,False,True,False,True
0.2580581875893443,0.1067651124555765,0.3956515353142704,False,False,False,True,False,False,False,True,False,False,True,False,True
1.1818154430868688,-1.0675827619988856e-15,0.0474280400543948,True,False,False,False,True,False,False,False,False,False,True,False,False
0.32404084869631034,-0.2688571788823411,-0.5793742514133812,True,False,False,True,False,False,False,False,False,False,True,True,False
-0.203820440159418,-0.1937327206147576,-0.0918613580495553,True,True,False,False,False,False,False,False,False,True,True,False,False
-0.9956123734430105,0.18188957072316,0.7438750305741461,False,False,True,False,False,True,False,False,False,False,False,False,False
1.1818154430868688,0.2570140289907435,0.0474280400543948,True,False,False,False,True,False,True,False,False,False,True,True,True
0.32404084869631034,0.332138487258327,-0.0222166589975802,True,False,True,False,False,True,False,False,False,False,True,False,True
0.5219888320172085,0.2570140289907435,-0.0918613580495553,True,False,True,False,False,False,False,False,False,False,True,True,True
0.1260928653754122,-0.7947283867554258,-0.440084853309431,True,False,False,True,False,False,False,False,True,False,True,True,False
-0.5997164068012143,-1.0201017615581764,-0.997242445725232,True,False,False,False,True,False,True,False,False,False,False,False,False
1.0498501208729367,1.7595031943424142,1.7189008173017977,False,False,True,False,False,False,False,False,False,False,False,False,True
-0.5997164068012143,-0.8698528450230093,-0.3007954552054807,False,False,False,True,False,False,True,False,False,False,True,False,False
-1.2595430178708746,-0.8698528450230093,-0.0918613580495553,False,False,False,True,False,False,False,True,False,False,False,False,False
-0.46775108458728215,1.158507528201746,0.8135197296261212,False,False,False,False,False,False,False,False,False,True,True,False,True
-1.655438984512671,-2.2972175521070963,-2.3901364267647343,True,True,False,False,False,False,False,False,True,False,False,True,False
-0.26980310126638407,-1.0675827619988856e-15,-0.440084853309431,False,False,True,False,False,False,False,False,True,False,False,True,False
1.313780765300801,1.0082586116665788,1.231387923937972,True,False,True,False,False,True,False,False,False,False,True,True,True
0.19207552648237824,0.1067651124555765,-0.2311507561535056,True,False,True,False,False,False,False,False,False,True,False,True,False
-0.07185511794548592,-0.7947283867554258,-1.066887144777207,True,False,False,False,False,False,False,False,False,True,False,True,False
0.1260928653754122,-0.4942305536850917,-0.997242445725232,True,False,True,False,False,False,False,False,False,True,False,True,False
-0.13783777905245198,-0.2688571788823411,-0.6490189504653563,True,False,True,False,False,False,False,False,False,False,False,True,False
-0.3357857623733501,0.18188957072316,0.1170727391063699,False,False,True,False,False,False,True,False,False,False,True,True,False
-0.3357857623733501,-1.0675827619988856e-15,-0.9275977466732568,True,False,True,False,False,False,True,False,False,False,True,True,False
-1.2595430178708746,-0.7947283867554258,-1.2758212419331325,False,False,False,False,False,False,False,False,False,True,False,True,False
0.45600617091024237,-0.2688571788823411,-0.1615060571015305,True,False,True,False,False,False,False,False,False,True,True,True,False
-1.0615950345499765,-1.6210974276988446,-1.066887144777207,True,False,True,False,False,False,False,False,True,False,False,False,False
0.5879714931241745,-1.0675827619988856e-15,-0.3007954552054807,True,False,False,True,False,False,False,False,False,False,True,True,False
0.5879714931241745,-0.2688571788823411,0.3260068362622954,True,False,False,True,False,False,False,False,False,False,False,True,True
0.2580581875893443,-1.0201017615581764,-1.2061765428811573,True,False,True,False,False,False,True,False,False,False,True,True,False
1.511728748621699,-1.0675827619988856e-15,0.0474280400543948,True,False,False,True,False,False,False,False,False,False,True,False,False
0.060110204268446155,0.8580096951314118,0.7438750305741461,False,False,True,False,False,False,False,False,True,False,True,False,True
0.7859194764450727,0.8580096951314118,0.8135197296261212,False,False,False,True,False,False,True,False,False,False,True,True,True
-0.46775108458728215,0.2570140289907435,0.0474280400543948,False,False,False,False,False,False,False,False,False,True,False,True,False
0.45600617091024237,1.0082586116665788,0.5349409334182207,False,True,False,False,False,False,False,False,False,False,True,True,True
0.8519021375520386,0.9331341533989952,0.3260068362622954,True,False,False,False,False,False,False,False,False,True,False,True,True
0.060110204268446155,-1.0675827619988856e-15,0.6045856324701958,False,False,True,False,False,False,False,False,False,True,True,False,False
0.19207552648237824,-0.2688571788823411,-0.5793742514133812,True,False,False,True,False,False,False,False,True,False,False,True,False
1.313780765300801,0.8580096951314118,0.8135197296261212,True,False,True,False,False,False,True,False,False,False,True,False,True
-1.2595430178708746,-1.7713463442340116,-1.8329788343489333,True,True,False,False,False,False,True,False,False,False,True,True,False
0.9838674597659707,0.2570140289907435,0.2563621372103202,True,True,False,False,False,False,False,False,False,False,True,True,True
-0.13783777905245198,1.158507528201746,1.161743224885997,False,False,True,False,False,False,False,False,True,False,False,False,True
2.2375380207983255,-1.0675827619988856e-15,1.9974796135096984,False,False,False,False,True,False,False,False,False,False,True,True,False
-0.07185511794548592,0.5575118620610777,0.3956515353142704,False,False,True,False,False,False,False,False,False,False,False,True,True
-0.07185511794548592,-0.8698528450230093,-1.3454659409851075,True,False,True,False,False,False,False,False,True,False,False,True,False
-0.8636470512290784,-0.6444794702202588,-0.440084853309431,False,False,True,False,False,False,False,False,False,False,False,True,False
-1.919369628940535,-1.0201017615581764,-1.4847553390890578,True,False,True,False,False,True,False,False,False,False,False,True,False
0.8519021375520386,1.45900536127208,1.4403220210938972,False,False,False,True,False,True,False,False,False,False,True,True,True
-0.8636470512290784,-1.1703506780933437,-1.4151106400370823,True,False,False,True,False,False,False,False,False,False,False,True,False
2.2375380207983255,2.2853744022154987,2.206413710665624,False,False,False,False,True,True,False,False,False,False,True,True,True
0.3900235098032764,-0.3439816371499246,-0.0222166589975802,True,True,False,False,False,False,True,False,False,False,True,False,False
-0.8636470512290784,-0.8698528450230093,-0.9275977466732568,True,False,True,False,False,True,False,False,False,False,False,True,False
-0.7976643901221123,-1.1703506780933437,-1.624044737193008,True,True,False,False,False,False,False,False,True,False,False,True,False
0.32404084869631034,0.0316406541879929,0.5349409334182207,False,False,False,False,True,False,False,False,True,False,True,True,True
0.7199368153381066,1.5341298195396635,1.5796114191978474,False,False,True,False,False,False,False,False,True,False,False,True,True
0.5879714931241745,-0.8698528450230093,-0.440084853309431,True,False,False,False,False,True,False,False,False,False,True,False,False
1.1818154430868688,1.3087564447369129,1.5796114191978474,False,False,True,False,False,False,False,False,True,False,True,True,True
-2.6451789011171614,-2.8982132182477645,-2.1115576305568338,False,False,False,True,False,False,False,False,False,False,False,True,False
0.3900235098032764,-0.1937327206147576,-0.2311507561535056,True,False,False,False,False,False,True,False,False,False,False,False,False
0.7199368153381066,1.3838809030044965,1.161743224885997,False,False,False,False,False,False,True,False,False,False,False,False,True
1.6436940708356311,0.332138487258327,0.5349409334182207,True,False,True,False,False,False,False,False,True,False,True,True,True
1.1158327819799028,1.158507528201746,1.5099667201458724,False,False,True,False,False,False,False,False,False,False,True,False,True
-0.203820440159418,-0.0434838040795905,0.3956515353142704,False,False,True,False,False,False,True,False,False,False,True,True,False
0.1260928653754122,1.2336319864693297,1.0920985258340217,False,False,True,False,False,False,False,False,False,False,True,False,True
-0.46775108458728215,-0.1937327206147576,-0.509729552361406,False,False,False,True,False,False,False,False,False,True,True,True,False
1.577711409728665,1.5341298195396635,1.5796114191978474,False,True,False,False,False,False,False,False,False,False,True,False,True
0.32404084869631034,0.4823874037934941,1.0224538267820464,False,False,False,True,False,True,False,False,False,False,True,False,True
0.6539541542311406,-0.5693550119526752,-0.1615060571015305,True,False,False,False,True,True,False,False,False,False,True,False,False
0.9178847986590046,-0.118608262347174,0.2563621372103202,True,False,False,True,False,False,False,False,False,False,True,True,True
-0.7316817290151464,-0.4191060954175082,0.1170727391063699,False,False,False,True,False,False,False,True,False,False,True,True,False
0.6539541542311406,0.1067651124555765,-0.0918613580495553,True,False,False,False,True,False,False,False,False,False,True,True,True
0.45600617091024237,0.1067651124555765,-0.0222166589975802,True,True,False,False,False,False,True,False,False,False,True,False,True
-0.9296297123360444,-0.7947283867554258,-0.8579530476212817,False,False,False,True,False,False,False,False,False,False,False,True,False
0.1260928653754122,-0.118608262347174,-0.509729552361406,True,False,True,False,False,False,False,False,True,False,False,True,False
-0.46775108458728215,-1.3205995946285105,-1.5544000381410328,True,False,False,False,False,False,True,False,False,False,True,True,False
-1.1275776956569425,-1.3205995946285105,-0.997242445725232,False,True,False,False,False,False,False,False,False,False,True,True,False
0.2580581875893443,0.332138487258327,0.1867174381583451,True,False,True,False,False,False,True,False,False,False,True,True,True
-0.3357857623733501,-1.6962218859664282,-0.8579530476212817,True,False,False,True,False,False,False,False,True,False,False,True,False
-0.4017684234803161,0.4072629455259106,0.3956515353142704,False,False,True,False,False,False,False,False,False,False,False,True,False
-0.13783777905245198,-1.2454751363609269,-0.7883083485693065,True,True,False,False,False,False,False,False,False,True,True,False,False
0.8519021375520386,0.9331341533989952,0.9528091277300714,True,False,False,False,False,False,False,False,False,False,False,False,True
-0.07185511794548592,1.158507528201746,0.5349409334182207,False,False,False,False,False,False,False,False,False,False,False,True,True
-0.13783777905245198,-0.4191060954175082,0.1170727391063699,False,False,True,False,False,False,False,False,False,False,True,True,False
1.1158327819799028,1.0082586116665788,1.5099667201458724,False,False,True,False,False,False,False,False,True,False,True,True,True
0.9838674597659707,-1.0675827619988856e-15,0.0474280400543948,False,False,True,False,False,False,False,False,False,False,True,True,False
-0.7976643901221123,-0.4191060954175082,-0.0222166589975802,False,True,False,False,False,False,True,False,False,False,True,True,False
0.1260928653754122,-0.4191060954175082,-0.1615060571015305,True,False,False,True,False,False,True,False,False,False,True,False,False
-0.7976643901221123,-1.6210974276988446,-1.136531843829182,False,False,True,False,False,False,False,False,True,False,True,True,False
-0.46775108458728215,0.6326363203286612,0.5349409334182207,False,False,False,True,False,False,False,False,True,False,False,False,True
-0.005872456838519888,-0.0434838040795905,-0.0222166589975802,False,True,False,False,False,False,False,False,False,True,True,True,False
0.6539541542311406,-1.0675827619988856e-15,0.0474280400543948,True,False,False,False,True,False,False,False,False,False,True,True,False
0.5219888320172085,0.7077607785962448,0.9528091277300714,False,False,False,True,False,False,False,True,False,False,True,True,True
1.8416420541565293,1.3087564447369129,1.6492561182498229,False,True,False,False,False,False,False,False,False,False,True,False,True
-0.203820440159418,-0.6444794702202588,-0.997242445725232,True,False,True,False,False,False,False,False,True,False,False,True,False
1.9076247152634953,1.45900536127208,1.6492561182498229,False,False,False,False,True,False,False,False,False,False,True,False,True
-1.721421645619637,-0.7947283867554258,-0.997242445725232,False,False,False,True,False,False,False,True,False,False,False,True,False
1.0498501208729367,0.9331341533989952,0.8135197296261212,False,True,False,False,False,False,False,False,False,True,True,True,True
0.1260928653754122,0.0316406541879929,-0.1615060571015305,True,False,False,False,False,False,True,False,False,False,True,True,False
-0.7316817290151464,-0.7947283867554258,-0.997242445725232,True,True,False,False,False,True,False,False,False,False,False,True,False
0.8519021375520386,0.6326363203286612,0.6045856324701958,True,False,True,False,False,False,False,True,False,False,True,True,True
1.313780765300801,1.6843787360748306,1.301032622989947,False,False,True,False,False,True,False,False,False,False,True,True,True
0.6539541542311406,0.1067651124555765,0.3260068362622954,True,False,False,True,False,False,False,False,True,False,True,True,True
-0.13783777905245198,-1.4708485111636775,-1.7633341352969585,True,False,False,False,False,False,False,False,False,True,True,True,False
-0.26980310126638407,-1.5459729694312612,-1.136531843829182,True,False,False,True,False,False,False,False,False,True,False,True,False
-0.7976643901221123,-1.0675827619988856e-15,0.0474280400543948,False,True,False,False,False,False,False,False,False,False,True,False,False
0.7199368153381066,2.0600010274127483,1.788545516353773,False,True,False,False,False,False,False,True,False,False,False,False,True
0.6539541542311406,1.3087564447369129,1.161743224885997,False,False,True,False,False,False,False,False,False,True,True,False,True
0.5219888320172085,1.45900536127208,1.0920985258340217,False,False,False,True,False,False,False,False,True,False,True,True,True
-0.005872456838519888,0.332138487258327,0.3260068362622954,False,False,False,False,True,False,False,False,True,False,True,False,True
-0.005872456838519888,0.6326363203286612,0.6742303315221709,False,False,False,True,False,False,False,False,False,True,True,False,True
0.060110204268446155,0.6326363203286612,0.7438750305741461,False,True,False,False,False,False,True,False,False,False,False,False,True
0.32404084869631034,-1.5459729694312612,-1.136531843829182,True,False,False,True,False,False,False,False,True,False,True,True,False
1.6436940708356311,-1.0675827619988856e-15,0.0474280400543948,False,False,True,False,False,False,False,False,False,False,True,True,False
0.19207552648237824,-1.0675827619988856e-15,-0.7883083485693065,True,False,False,True,False,False,False,False,False,False,True,True,False
-0.7976643901221123,-0.7947283867554258,-1.2758212419331325,True,False,True,False,False,False,False,True,False,False,False,True,False
-0.8636470512290784,-1.3205995946285105,-1.3454659409851075,True,False,True,False,False,False,True,False,False,False,True,False,False
0.1260928653754122,-0.7196039284878423,-0.6490189504653563,True,False,False,False,True,False,False,False,True,False,True,True,False
-0.6656990679081803,-0.6444794702202588,-0.5793742514133812,True,False,True,False,False,False,False,False,False,True,False,False,False
-1.9853522900475011,-1.0675827619988856e-15,0.0474280400543948,False,False,True,False,False,False,False,False,False,False,False,True,False
-2.4472309177962632,-1.0675827619988856e-15,-1.4847553390890578,False,False,False,True,False,True,False,False,False,False,False,True,False
-0.26980310126638407,-1.0675827619988856e-15,0.1170727391063699,False,False,True,False,False,False,False,False,False,False,True,True,False
0.1260928653754122,-0.1937327206147576,0.3260068362622954,False,False,True,False,False,False,False,False,False,False,True,False,False
-1.2595430178708746,-1.1703506780933437,-1.066887144777207,False,False,True,False,False,False,False,False,False,True,True,True,False
-0.26980310126638407,-0.6444794702202588,-0.7186636495173314,True,False,False,False,True,False,False,False,False,False,True,False,False
0.8519021375520386,1.3838809030044965,1.788545516353773,False,False,False,False,True,False,False,False,False,False,True,False,True
0.45600617091024237,-1.0675827619988856e-15,-0.0222166589975802,True,True,False,False,False,False,True,False,False,False,True,False,False
-0.005872456838519888,1.0082586116665788,1.0224538267820464,False,False,True,False,False,True,False,False,False,False,False,False,True
-0.9956123734430105,-0.7196039284878423,-0.7186636495173314,True,False,True,False,False,False,False,False,False,False,True,False,False
-0.9956123734430105,-0.2688571788823411,-0.440084853309431,False,False,False,True,False,False,True,False,False,False,True,True,False
1.2477981041938349,-0.2688571788823411,0.1867174381583451,True,False,False,False,True,True,False,False,False,False,True,False,True
2.0395900374774274,1.6843787360748306,1.231387923937972,True,False,False,False,False,False,False,False,False,False,True,False,True
0.5879714931241745,-0.0434838040795905,-0.0222166589975802,True,False,True,False,False,False,True,False,False,False,True,False,True
0.8519021375520386,0.9331341533989952,0.8135197296261212,True,False,False,True,False,False,False,False,False,False,False,False,True
0.9838674597659707,-1.0675827619988856e-15,0.0474280400543948,False,False,True,False,False,False,False,False,False,False,True,True,False
1.0498501208729367,-1.0675827619988856e-15,0.0474280400543948,False,False,False,True,False,False,False,False,False,False,True,True,False
-0.13783777905245198,-0.4942305536850917,-0.1615060571015305,False,False,False,True,False,False,False,True,False,False,True,True,False
0.7859194764450727,1.0082586116665788,0.8135197296261212,True,False,False,False,True,False,False,False,False,True,False,False,True
1.7096767319425972,2.2853744022154987,1.9974796135096984,False,False,False,False,False,False,False,False,False,True,True,False,True
0.3900235098032764,-0.1937327206147576,-0.3007954552054807,True,False,True,False,False,False,True,False,False,False,True,False,False
-0.26980310126638407,-1.0675827619988856e-15,0.0474280400543948,False,False,True,False,False,False,False,False,False,False,False,True,False
0.8519021375520386,-1.0675827619988856e-15,0.0474280400543948,True,False,True,False,False,False,False,False,False,False,True,True,False
0.8519021375520386,0.4823874037934941,-0.2311507561535056,True,False,True,False,False,False,False,False,False,True,False,True,True
1.379763426407767,1.5341298195396635,1.3706773220419222,True,True,False,False,False,True,False,False,False,False,False,False,True
-1.721421645619637,-1.6210974276988446,-1.2758212419331325,False,True,False,False,False,False,False,False,False,False,True,True,False
0.7199368153381066,-0.5693550119526752,-0.3007954552054807,True,False,False,True,False,False,False,False,True,False,False,True,False
-0.8636470512290784,-1.0675827619988856e-15,-1.9722682324528835,True,False,False,False,True,False,False,False,False,False,True,True,False
-2.249282934475365,-2.2972175521070963,-2.459781125816709,False,False,True,False,False,False,False,False,True,False,False,True,False
-0.7316817290151464,0.18188957072316,0.7438750305741461,False,False,True,False,False,False,False,False,False,False,True,False,False
-0.3357857623733501,-0.1937327206147576,-0.1615060571015305,True,False,True,False,False,False,False,True,False,False,False,True,False
-0.8636470512290784,0.0316406541879929,0.1170727391063699,False,True,False,False,False,False,False,False,False,False,False,True,False
0.45600617091024237,-1.0675827619988856e-15,-0.440084853309431,True,False,False,True,False,False,False,False,False,True,True,True,False
0.5219888320172085,0.4072629455259106,0.7438750305741461,False,False,False,True,False,False,False,False,True,False,True,False,True
-0.203820440159418,0.332138487258327,0.3956515353142704,False,False,True,False,False,False,False,False,True,False,True,True,True
1.9736073763704614,1.5341298195396635,1.6492561182498229,True,False,True,False,False,True,False,False,False,False,True,False,True
-0.203820440159418,0.7828852368638283,0.8135197296261212,False,False,False,True,False,False,False,False,True,False,False,False,True
-1.1935603567639086,-1.395724052896094,-1.5544000381410328,True,True,False,False,False,True,False,False,False,False,False,True,False
-1.1935603567639086,-1.9967197190367625,-1.624044737193008,True,True,False,False,False,False,False,False,False,False,True,True,False
1.7096767319425972,2.2853744022154987,2.206413710665624,False,False,False,False,True,True,False,False,False,False,False,False,True
-0.3357857623733501,0.1067651124555765,0.6742303315221709,False,False,False,True,False,False,False,True,False,False,False,False,False
-0.203820440159418,-1.6210974276988446,-1.4847553390890578,True,True,False,False,False,False,True,False,False,False,False,True,False
0.1260928653754122,-0.118608262347174,-0.0918613580495553,True,False,False,True,False,True,False,False,False,False,False,True,False
0.32404084869631034,-1.0675827619988856e-15,0.0474280400543948,True,True,False,False,False,False,False,False,False,False,True,False,False
1.6436940708356311,1.9848765691451649,1.6492561182498229,True,False,False,False,False,True,False,False,False,False,True,True,True
-0.8636470512290784,-0.5693550119526752,-0.8579530476212817,False,False,True,False,False,False,False,False,True,False,True,True,False
-1.0615950345499765,-0.2688571788823411,-0.3007954552054807,False,False,True,False,False,False,True,False,False,False,False,False,False
0.5219888320172085,0.8580096951314118,0.1867174381583451,False,False,False,False,True,False,True,False,False,False,True,True,True
-1.721421645619637,-1.09522621982576,-1.066887144777207,True,False,False,False,False,False,False,False,False,False,False,False,False
-0.3357857623733501,-1.395724052896094,-1.136531843829182,True,False,False,False,False,False,False,False,True,False,True,False,False
0.9838674597659707,1.609254277807247,1.4403220210938972,False,True,False,False,False,False,True,False,False,False,True,True,True
-1.1935603567639086,-1.0675827619988856e-15,0.0474280400543948,False,True,False,False,False,False,False,False,False,False,False,False,False
-0.8636470512290784,-0.6444794702202588,-0.0222166589975802,False,False,False,True,False,False,False,True,False,False,True,True,False
0.9838674597659707,2.0600010274127483,1.9278349144577231,False,False,False,True,False,False,False,False,False,True,True,True,True
0.7199368153381066,0.7077607785962448,0.8135197296261212,False,False,False,False,True,False,False,False,False,True,True,True,True
-0.203820440159418,0.2570140289907435,0.6742303315221709,False,False,False,True,False,True,False,False,False,False,False,True,True
0.45600617091024237,-1.0675827619988856e-15,0.8135197296261212,False,False,False,True,False,False,False,False,False,False,True,False,False
0.19207552648237824,-1.0675827619988856e-15,0.0474280400543948,False,False,False,True,False,False,False,False,False,False,True,True,False
-0.07185511794548592,0.4823874037934941,0.5349409334182207,False,False,True,False,False,False,False,False,False,False,True,True,True
-0.7316817290151464,0.2570140289907435,0.3260068362622954,False,False,False,False,False,False,True,False,False,False,True,True,False
-1.4574910011917728,-0.4942305536850917,-0.440084853309431,False,False,True,False,False,True,False,False,False,False,False,True,False
-0.7976643901221123,-0.4191060954175082,-0.2311507561535056,False,False,True,False,False,False,False,False,True,False,True,True,False
-1.1935603567639086,-1.0675827619988856e-15,0.0474280400543948,False,False,False,False,False,False,False,False,False,False,True,True,False
-0.5337337456942483,-1.0675827619988856e-15,0.0474280400543948,True,False,True,False,False,False,False,False,False,False,False,True,False
0.32404084869631034,-0.5693550119526752,-1.2758212419331325,True,False,False,False,False,False,False,False,False,True,True,True,False
0.1260928653754122,-0.118608262347174,-0.3007954552054807,True,False,False,False,True,True,False,False,False,False,True,True,False
0.5219888320172085,0.4823874037934941,0.3260068362622954,False,False,False,False,True,False,True,False,False,False,True,True,True
1.7096767319425972,2.2853744022154987,2.1367690116136484,False,False,True,False,False,True,False,False,False,False,True,False,True
-0.6656990679081803,0.7077607785962448,0.2563621372103202,False,False,True,False,False,True,False,False,False,False,True,False,False
-2.381248256689297,-3.4240844261208494,-3.7133857087522615,True,True,False,False,False,False,True,False,False,False,False,True,False
-0.8636470512290784,-1.1703506780933437,-1.4151106400370823,True,False,False,False,False,False,False,False,False,True,True,True,False
0.19207552648237824,0.5575118620610777,0.3260068362622954,False,False,False,True,False,False,True,False,False,False,True,True,True
-0.07185511794548592,-1.0675827619988856e-15,0.8831644286780963,False,False,False,True,False,False,False,False,False,True,True,True,False
-0.7976643901221123,-0.7196039284878423,-0.3704401542574558,False,False,False,True,False,False,False,True,False,False,True,True,False
-2.4472309177962632,-1.0675827619988856e-15,0.0474280400543948,False,False,True,False,False,False,False,False,False,False,True,True,False
0.6539541542311406,0.6326363203286612,0.8135197296261212,False,False,False,False,True,False,False,False,True,False,True,True,True
-0.4017684234803161,-0.9449773032905928,-1.2061765428811573,True,False,False,True,False,False,True,False,False,False,False,True,False
1.1818154430868688,-1.0675827619988856e-15,0.0474280400543948,True,False,False,True,False,False,False,False,False,False,False,False,False
0.5879714931241745,0.18188957072316,-0.440084853309431,True,False,True,False,False,False,False,False,False,True,True,True,False
1.2477981041938349,1.0833830699341624,0.9528091277300714,False,False,True,False,False,False,False,False,False,False,True,True,True
-1.721421645619637,-0.8698528450230093,-0.997242445725232,False,False,True,False,False,False,False,True,False,False,False,True,False
-0.3357857623733501,-0.4191060954175082,-0.440084853309431,False,False,False,False,True,False,False,False,True,False,True,True,False
-0.5337337456942483,-0.4942305536850917,-0.2311507561535056,False,True,False,False,False,False,False,False,False,False,True,True,False
0.19207552648237824,-0.7196039284878423,-0.3704401542574558,True,False,False,True,False,False,False,False,True,False,False,False,False
-0.5337337456942483,-0.7947283867554258,-0.1615060571015305,False,False,True,False,False,False,False,False,True,False,True,True,False
1.8416420541565293,1.5341298195396635,1.5796114191978474,True,False,True,False,False,True,False,False,False,False,True,False,True
-0.07185511794548592,0.5575118620610777,0.3956515353142704,False,False,True,False,False,False,False,False,False,False,True,True,True
1.0498501208729367,1.7595031943424142,1.7189008173017977,False,False,False,False,False,False,False,False,False,False,True,True,True
-0.4017684234803161,-0.118608262347174,0.2563621372103202,False,False,True,False,False,False,True,False,False,False,True,True,False
-1.919369628940535,-1.8464708025015952,-2.1115576305568338,False,False,False,False,True,True,False,False,False,False,True,True,False
1.445746087514733,-1.0675827619988856e-15,0.0474280400543948,True,False,False,True,False,False,False,False,False,False,True,True,False
1.9076247152634953,0.8580096951314118,1.0920985258340217,True,False,False,True,False,False,False,True,False,False,True,True,True
-0.07185511794548592,0.2570140289907435,-0.0222166589975802,True,False,True,False,False,False,False,False,False,False,False,False,False
-2.051334951154467,-0.6444794702202588,-0.997242445725232,False,False,True,False,False,False,True,False,False,False,False,True,False
-0.26980310126638407,-1.0675827619988856e-15,0.0474280400543948,True,True,False,False,False,False,False,False,False,False,False,True,False
-0.5337337456942483,-1.395724052896094,-1.136531843829182,True,False,True,False,False,False,True,False,False,False,False,False,False
2.2375380207983255,1.9848765691451649,1.231387923937972,True,False,False,False,False,False,False,False,True,False,True,False,True
-0.3357857623733501,-0.8698528450230093,-0.440084853309431,False,False,False,False,True,True,False,False,False,False,False,True,False
2.2375380207983255,2.0600010274127483,2.1367690116136484,True,False,False,True,False,False,False,False,True,False,True,False,True
0.19207552648237824,-1.0675827619988856e-15,0.0474280400543948,True,True,False,False,False,False,False,False,False,False,False,False,False
-0.3357857623733501,-1.6210974276988446,-1.5544000381410328,True,False,False,True,False,False,False,False,False,False,True,True,False
-1.1275776956569425,-0.9449773032905928,-1.5544000381410328,True,False,False,True,False,False,False,False,True,False,False,True,False
-1.4574910011917728,-1.395724052896094,-0.9275977466732568,False,False,True,False,False,False,False,False,False,True,True,False,False
0.060110204268446155,-0.4191060954175082,0.1170727391063699,True,False,False,True,False,False,False,False,True,False,True,True,False
0.8519021375520386,-0.7196039284878423,-0.2311507561535056,True,True,False,False,False,False,True,False,False,False,True,True,False
-0.005872456838519888,0.332138487258327,0.8831644286780963,False,True,False,False,False,True,False,False,False,False,True,False,True
0.5879714931241745,1.3838809030044965,1.161743224885997,False,False,True,False,False,False,True,False,False,False,True,True,True
1.1818154430868688,1.0833830699341624,0.8135197296261212,True,False,False,True,False,False,False,False,False,True,True,True,True
0.32404084869631034,-1.0675827619988856e-15,-0.3007954552054807,True,False,False,False,False,False,True,False,False,False,True,True,False
0.060110204268446155,-1.0675827619988856e-15,0.0474280400543948,False,True,False,False,False,False,False,False,False,False,False,False,False
0.9178847986590046,1.6843787360748306,1.3706773220419222,False,False,False,True,False,False,False,False,False,True,True,False,True
1.313780765300801,0.4823874037934941,0.3956515353142704,True,False,False,False,True,False,False,False,True,False,True,True,True
0.6539541542311406,0.332138487258327,0.3260068362622954,False,False,False,True,False,False,False,False,False,False,True,True,True
-1.655438984512671,-1.3205995946285105,-1.2061765428811573,True,False,False,True,False,False,True,False,False,False,True,True,False
0.5219888320172085,1.3838809030044965,1.5099667201458724,False,False,False,True,False,False,False,False,False,False,False,False,True
0.3900235098032764,0.8580096951314118,0.7438750305741461,False,True,False,False,False,False,False,False,False,True,False,True,True
0.5219888320172085,0.7077607785962448,0.8135197296261212,False,False,False,False,True,False,True,False,False,False,True,False,True
0.2580581875893443,-1.0675827619988856e-15,-0.5793742514133812,True,True,False,False,False,False,True,False,False,False,True,True,False
-0.07185511794548592,0.8580096951314118,0.8831644286780963,False,True,False,False,False,True,False,False,False,False,True,False,True
-0.46775108458728215,0.0316406541879929,-0.2311507561535056,False,False,False,True,False,False,False,False,False,False,True,True,False
-0.13783777905245198,-0.5693550119526752,-0.0222166589975802,False,False,False,False,True,False,True,False,False,False,False,True,False
-1.0615950345499765,-1.2454751363609269,-0.9275977466732568,False,True,False,False,False,False,True,False,False,False,True,True,False
0.19207552648237824,0.7077607785962448,0.8831644286780963,False,False,False,True,False,False,False,False,True,False,True,False,True
-0.9956123734430105,-1.0201017615581764,-1.066887144777207,True,False,True,False,False,False,False,False,False,True,False,False,False
0.1260928653754122,0.7828852368638283,0.5349409334182207,False,False,False,False,False,False,True,False,False,False,True,False,True
1.2477981041938349,-1.0675827619988856e-15,0.0474280400543948,False,False,False,True,False,False,False,False,False,False,True,False,False
-0.07185511794548592,0.0316406541879929,0.3956515353142704,False,False,False,False,False,False,False,False,False,False,True,False,False
0.45600617091024237,0.7077607785962448,0.7438750305741461,False,True,False,False,False,False,False,False,False,True,True,True,True
-0.26980310126638407,-0.1937327206147576,-0.0918613580495553,False,True,False,False,False,False,False,False,True,False,True,True,False
0.7199368153381066,-0.1937327206147576,-0.3007954552054807,True,False,True,False,False,False,False,False,False,False,False,True,False
0.19207552648237824,-0.2688571788823411,-0.509729552361406,True,False,False,True,False,False,False,False,False,True,True,True,False
-1.5234736622987388,-0.7196039284878423,-0.7186636495173314,False,False,False,True,False,False,False,False,False,False,False,True,False
1.577711409728665,1.3087564447369129,1.161743224885997,True,False,False,True,False,False,False,False,False,False,True,True,True
0.5219888320172085,-1.0675827619988856e-15,0.0474280400543948,True,False,True,False,False,False,False,False,False,False,False,True,False
0.45600617091024237,-0.2688571788823411,-0.3704401542574558,True,False,True,False,False,False,False,False,False,True,True,True,False
-0.7316817290151464,-1.0675827619988856e-15,0.0474280400543948,False,False,False,True,False,False,False,False,False,False,False,True,False
-0.07185511794548592,-0.0434838040795905,-0.0918613580495553,False,False,True,False,False,False,True,False,False,False,True,True,False
0.9178847986590046,-0.4942305536850917,-0.3704401542574558,True,False,False,True,False,False,False,False,False,False,True,True,False
-1.0615950345499765,-0.7196039284878423,-0.5793742514133812,False,False,True,False,False,False,False,False,False,True,False,False,False
-0.203820440159418,0.2570140289907435,0.1867174381583451,False,False,True,False,False,False,False,False,True,False,False,False,False
0.7199368153381066,1.158507528201746,1.301032622989947,False,True,False,False,False,True,False,False,False,False,False,True,True
0.45600617091024237,0.332138487258327,-0.509729552361406,True,False,True,False,False,False,False,False,True,False,True,True,False
0.9838674597659707,0.18188957072316,0.6045856324701958,True,False,False,True,False,False,False,False,False,False,True,False,True
-0.005872456838519888,0.4823874037934941,-0.0222166589975802,False,False,True,False,False,False,True,False,False,False,False,True,False
-0.9296297123360444,-0.9449773032905928,-1.2758212419331325,True,False,False,True,False,False,False,False,False,False,False,True,False
0.19207552648237824,0.6326363203286612,0.5349409334182207,False,False,True,False,False,False,False,False,True,False,True,True,True
-0.07185511794548592,1.0833830699341624,1.0920985258340217,False,False,True,False,False,False,False,False,False,False,True,False,True
0.19207552648237824,0.5575118620610777,0.6742303315221709,False,False,False,True,False,False,True,False,False,False,True,False,True
-1.0615950345499765,-0.4191060954175082,-0.1615060571015305,False,True,False,False,False,False,False,False,True,False,True,False,False
0.45600617091024237,0.6326363203286612,0.5349409334182207,False,False,False,False,True,False,False,False,True,False,True,False,True
0.2580581875893443,0.9331341533989952,0.5349409334182207,False,False,True,False,False,False,False,False,False,True,True,False,True
0.9838674597659707,-1.0675827619988856e-15,0.0474280400543948,True,False,False,True,False,False,False,False,False,False,False,True,False
-0.203820440159418,-1.0675827619988856e-15,0.0474280400543948,True,False,False,True,False,False,False,False,False,False,False,True,False
0.060110204268446155,0.18188957072316,0.3956515353142704,False,False,False,True,False,False,True,False,False,False,True,True,True
-0.4017684234803161,-0.118608262347174,-0.5793742514133812,True,True,False,False,False,False,True,False,False,False,True,True,False
-0.26980310126638407,-1.09522621982576,-0.997242445725232,True,True,False,False,False,False,True,False,False,False,True,True,False
-2.4472309177962632,-2.2220930938395127,-1.693689436244983,False,False,True,False,False,False,False,False,False,True,False,False,False
-0.26980310126638407,-0.2688571788823411,-0.0222166589975802,True,True,False,False,False,False,False,False,True,False,True,False,False
1.8416420541565293,2.210249943947915,2.206413710665624,False,False,False,False,True,False,False,True,False,False,True,False,True
1.2477981041938349,0.4072629455259106,-0.0222166589975802,True,False,False,False,True,False,False,False,True,False,True,False,True
0.7199368153381066,-1.0675827619988856e-15,0.0474280400543948,True,False,False,True,False,False,False,False,False,False,False,True,False
-0.8636470512290784,-0.8698528450230093,-1.693689436244983,True,False,False,False,False,False,True,False,False,False,False,True,False
1.7756593930495632,1.5341298195396635,1.0224538267820464,True,False,False,False,True,False,False,False,True,False,False,True,True
-1.1275776956569425,-1.2454751363609269,-1.066887144777207,False,False,True,False,False,False,False,False,False,False,True,True,False
0.45600617091024237,0.4823874037934941,0.6742303315221709,False,False,False,False,True,False,False,False,False,False,False,True,True
-0.005872456838519888,-1.0675827619988856e-15,0.0474280400543948,False,False,True,False,False,False,False,False,False,False,False,False,False
0.7199368153381066,0.5575118620610777,0.3260068362622954,False,False,False,True,False,False,False,False,False,False,True,True,True
-1.1275776956569425,-0.4942305536850917,-0.8579530476212817,False,False,True,False,False,False,False,False,False,True,True,True,False
0.8519021375520386,1.45900536127208,1.231387923937972,False,False,False,True,False,False,False,False,True,False,False,True,True
0.5879714931241745,0.9331341533989952,1.5099667201458724,False,False,True,False,False,False,False,False,False,False,True,False,True
-0.46775108458728215,0.18188957072316,0.1170727391063699,False,False,False,False,False,True,False,False,False,False,True,True,False
-0.5997164068012143,0.6326363203286612,0.7438750305741461,False,False,False,True,False,False,False,False,False,False,True,False,True
-0.005872456838519888,-0.2688571788823411,-0.6490189504653563,True,False,True,False,False,False,True,False,False,False,False,True,False
0.8519021375520386,0.8580096951314118,0.9528091277300714,False,False,False,False,True,True,False,False,False,False,True,False,True
-0.5997164068012143,-0.1937327206147576,0.2563621372103202,False,True,False,False,False,False,False,False,False,True,True,True,False
1.379763426407767,1.0833830699341624,1.301032622989947,True,False,False,False,False,True,False,False,False,False,True,False,True
-0.203820440159418,-0.4191060954175082,-0.0918613580495553,False,False,False,True,False,False,False,False,True,False,True,True,False
-0.46775108458728215,-0.4942305536850917,-0.3007954552054807,False,True,False,False,False,False,False,False,False,True,False,False,False
-0.26980310126638407,0.18188957072316,-0.2311507561535056,True,False,False,False,False,True,False,False,False,False,False,True,False
-1.3255256789778407,-2.672839843445014,-2.250847028660784,True,False,False,True,False,False,True,False,False,False,True,True,False
-0.005872456838519888,-0.7947283867554258,-1.136531843829182,True,False,True,False,False,False,False,False,True,False,True,True,False
1.511728748621699,1.3087564447369129,0.7438750305741461,True,False,False,True,False,False,True,False,False,False,True,True,True
-1.5894563234057049,-0.6444794702202588,-0.7186636495173314,False,False,False,True,False,False,False,False,False,False,False,False,False
1.7756593930495632,1.0833830699341624,1.5099667201458724,True,False,True,False,False,False,False,False,True,False,True,False,True
0.9178847986590046,1.158507528201746,1.161743224885997,False,False,False,False,True,False,False,False,False,True,True,False,True
2.1055726985843934,2.2853744022154987,2.1367690116136484,False,False,False,True,False,False,False,False,True,False,True,True,True
0.9838674597659707,-1.0675827619988856e-15,1.0920985258340217,True,False,False,True,False,False,False,True,False,False,True,True,False
-0.4017684234803161,-1.0675827619988856e-15,0.0474280400543948,False,True,False,False,False,False,False,False,False,False,True,False,False
0.6539541542311406,1.8346276526099976,1.301032622989947,False,True,False,False,False,False,False,False,False,False,False,False,True
0.45600617091024237,-1.0675827619988856e-15,0.2563621372103202,True,False,True,False,False,False,False,False,False,False,True,False,False
1.9736073763704614,1.9848765691451649,2.1367690116136484,False,False,True,False,False,False,False,False,False,False,True,False,True
0.6539541542311406,0.4823874037934941,0.3956515353142704,False,False,True,False,False,False,True,False,False,False,True,True,True
1.6436940708356311,0.2570140289907435,0.8135197296261212,True,False,False,False,True,False,False,False,False,False,False,False,True
-0.26980310126638407,0.18188957072316,0.1170727391063699,False,False,True,False,False,False,False,False,True,False,False,True,False
-0.7316817290151464,-1.0675827619988856e-15,-0.6490189504653563,True,False,False,True,False,False,False,False,False,True,False,False,False
0.5219888320172085,1.5341298195396635,1.3706773220419222,False,True,False,False,False,False,False,False,False,True,False,False,True
-1.0615950345499765,-1.6210974276988446,-1.8329788343489333,True,False,True,False,False,False,True,False,False,False,True,True,False
-1.2595430178708746,-1.9967197190367625,-1.9026235334009085,True,True,False,False,False,False,False,False,True,False,True,True,False
0.9838674597659707,0.332138487258327,0.1867174381583451,True,False,False,False,True,False,False,False,True,False,True,False,True
-0.07185511794548592,0.4072629455259106,0.6045856324701958,False,False,False,False,True,False,False,False,False,False,True,False,True
0.1260928653754122,-1.395724052896094,-0.7883083485693065,True,False,False,False,True,False,False,False,False,True,True,False,False
0.45600617091024237,1.6843787360748306,1.0920985258340217,False,False,False,True,False,False,True,False,False,False,False,True,True
-0.8636470512290784,-2.2972175521070963,-2.181202329608809,True,False,True,False,False,False,False,False,True,False,True,True,False
0.1260928653754122,0.5575118620610777,0.8135197296261212,False,True,False,False,False,False,False,False,False,False,False,False,True
-0.7316817290151464,-1.7713463442340116,-1.7633341352969585,True,False,False,False,False,False,False,False,False,True,False,True,False
1.379763426407767,1.45900536127208,1.788545516353773,False,False,True,False,False,False,False,False,True,False,True,False,True
-0.7316817290151464,-1.6962218859664282,-1.693689436244983,True,False,False,True,False,False,False,False,False,True,True,True,False
-0.8636470512290784,-0.8698528450230093,-0.7883083485693065,False,False,False,False,True,False,False,False,True,False,False,True,False
0.060110204268446155,-0.9449773032905928,-0.6490189504653563,True,False,True,False,False,False,False,True,False,False,True,True,False
1.7096767319425972,0.7077607785962448,1.0920985258340217,True,False,True,False,False,False,False,False,False,False,True,True,True
-0.8636470512290784,-1.0675827619988856e-15,0.0474280400543948,False,True,False,False,False,False,False,False,False,False,False,False,False
0.9838674597659707,0.1067651124555765,0.3260068362622954,True,False,False,True,False,False,False,False,False,False,True,True,True
-0.3357857623733501,-0.7196039284878423,-0.9275977466732568,True,False,True,False,False,False,True,False,False,False,False,True,False
0.9178847986590046,-1.0675827619988856e-15,0.0474280400543948,True,False,False,True,False,False,False,False,False,False,True,True,False
-1.919369628940535,-1.0675827619988856e-15,0.0474280400543948,False,False,False,False,False,False,False,False,False,False,False,True,False
0.9838674597659707,1.0833830699341624,0.9528091277300714,False,False,True,False,False,False,True,False,False,False,True,True,True
-0.46775108458728215,0.2570140289907435,0.2563621372103202,False,False,True,False,False,False,False,False,False,False,True,False,False
-0.7316817290151464,-1.09522621982576,-1.4847553390890578,True,True,False,False,False,False,False,False,True,False,False,True,False
0.3900235098032764,0.7077607785962448,0.3956515353142704,True,False,False,True,False,False,False,False,False,False,True,True,True
0.19207552648237824,0.4072629455259106,0.1867174381583451,True,False,False,True,False,False,True,False,False,False,True,True,True
0.19207552648237824,-0.4191060954175082,-0.0222166589975802,True,False,True,False,False,False,False,False,True,False,True,True,False
-1.0615950345499765,-0.7196039284878423,-0.6490189504653563,False,False,True,False,False,True,False,False,False,False,False,True,False
1.379763426407767,1.0833830699341624,1.231387923937972,True,True,False,False,False,False,False,False,True,False,True,False,True
0.32404084869631034,-0.0434838040795905,-0.0222166589975802,True,False,False,True,False,False,False,False,False,True,True,False,False
0.1260928653754122,0.18188957072316,-0.2311507561535056,True,False,False,False,True,False,False,False,True,False,True,True,False
0.8519021375520386,0.5575118620610777,0.4652962343662455,True,False,True,False,False,False,False,True,False,False,False,False,True
0.7199368153381066,-1.0675827619988856e-15,0.0474280400543948,False,False,True,False,False,False,False,False,False,False,True,False,False
-0.5337337456942483,-1.09522621982576,-1.066887144777207,True,False,True,False,False,False,False,False,False,False,False,True,False
1.1818154430868688,1.9097521108775808,1.6492561182498229,False,False,False,False,True,False,False,False,False,False,True,True,True
-0.7316817290151464,-0.8698528450230093,-1.136531843829182,True,False,False,True,False,False,False,False,True,False,True,True,False
0.2580581875893443,-0.118608262347174,0.2563621372103202,True,False,False,False,True,True,False,False,False,False,False,False,False
-0.9296297123360444,-0.7947283867554258,-0.2311507561535056,False,False,False,True,False,False,False,False,True,False,False,False,False
0.19207552648237824,0.5575118620610777,0.6045856324701958,True,True,False,False,False,False,False,False,True,False,True,False,True
-0.8636470512290784,0.18188957072316,-0.3007954552054807,False,False,True,False,False,False,True,False,False,False,False,True,False
-1.1935603567639086,-1.0675827619988856e-15,0.0474280400543948,False,False,False,True,False,False,False,False,False,False,True,True,False
0.7859194764450727,0.8580096951314118,1.231387923937972,True,False,False,True,False,False,False,False,False,True,True,False,True
-0.26980310126638407,-0.5693550119526752,-0.3704401542574558,False,True,False,False,False,False,True,False,False,False,True,True,False
-0.4017684234803161,-1.0675827619988856e-15,-0.6490189504653563,True,False,False,True,False,False,False,False,False,False,True,True,False
0.5219888320172085,0.18188957072316,0.2563621372103202,False,True,False,False,False,False,True,False,False,False,True,True,True
-0.5337337456942483,0.4072629455259106,0.6045856324701958,False,False,True,False,False,False,True,False,False,False,True,False,False
0.6539541542311406,-0.5693550119526752,-0.5793742514133812,True,True,False,False,False,False,True,False,False,False,True,False,False
0.1260928653754122,0.1067651124555765,0.4652962343662455,False,False,False,True,False,False,False,False,False,True,True,True,True
-0.5337337456942483,-0.7196039284878423,-0.7883083485693065,True,False,False,False,False,False,False,False,True,False,False,True,False
-0.9296297123360444,-1.6210974276988446,-1.3454659409851075,True,True,False,False,False,False,True,False,False,False,True,True,False
0.5879714931241745,0.2570140289907435,0.3956515353142704,True,False,False,True,False,True,False,False,False,False,True,True,True
-0.9296297123360444,-0.1937327206147576,0.2563621372103202,False,True,False,False,False,False,False,False,False,True,False,False,False
-0.26980310126638407,0.6326363203286612,0.7438750305741461,False,False,True,False,False,True,False,False,False,False,False,True,True
-0.005872456838519888,-0.3439816371499246,-0.5793742514133812,True,True,False,False,False,False,False,False,True,False,True,True,False
-1.1275776956569425,-0.8698528450230093,-0.9275977466732568,False,True,False,False,False,False,False,False,False,True,False,True,False
-0.005872456838519888,0.18188957072316,0.1170727391063699,False,True,False,False,False,False,True,False,False,False,True,True,False
-2.051334951154467,-1.9215952607691784,-1.7633341352969585,False,False,True,False,False,False,False,False,True,False,False,True,False
0.3900235098032764,0.7077607785962448,0.9528091277300714,False,False,False,False,False,False,False,False,True,False,True,False,True
1.8416420541565293,1.158507528201746,0.9528091277300714,True,False,False,False,True,False,False,False,False,False,True,False,True
-1.3255256789778407,-1.0201017615581764,-0.7883083485693065,False,False,False,True,False,False,False,False,False,False,False,True,False
0.7199368153381066,1.5341298195396635,1.0920985258340217,False,True,False,False,False,False,False,True,False,False,True,True,True
0.6539541542311406,1.158507528201746,0.9528091277300714,False,True,False,False,False,False,True,False,False,False,False,False,True
-0.9296297123360444,-0.7947283867554258,-0.440084853309431,False,False,True,False,False,False,False,False,False,False,True,False,False
1.6436940708356311,0.8580096951314118,0.7438750305741461,True,False,True,False,False,True,False,False,False,False,True,False,True
-2.249282934475365,-1.395724052896094,-1.693689436244983,False,True,False,False,False,False,False,False,False,True,True,False,False
0.3900235098032764,0.7077607785962448,0.6045856324701958,False,False,False,False,True,False,False,False,False,True,False,True,True
-3.1070575288659237,-1.0675827619988856e-15,-2.5294258248686847,False,True,False,False,False,False,False,False,False,False,True,True,False
0.1260928653754122,-0.3439816371499246,-0.509729552361406,True,False,True,False,False,False,False,False,False,False,False,True,False
-0.9296297123360444,-0.3439816371499246,-0.509729552361406,False,False,True,False,False,False,False,True,False,False,False,True,False
-1.1935603567639086,-0.5693550119526752,-0.5793742514133812,False,True,False,False,False,False,True,False,False,False,True,True,False
-0.4017684234803161,-0.2688571788823411,0.1170727391063699,False,False,False,True,False,False,False,False,True,False,False,True,False
-0.005872456838519888,0.332138487258327,0.0474280400543948,True,False,False,True,False,False,True,False,False,False,False,True,False
1.511728748621699,1.0833830699341624,0.6045856324701958,True,False,False,False,True,False,False,False,False,True,True,False,True
-1.5894563234057049,-1.3205995946285105,-1.2061765428811573,False,True,False,False,False,False,True,False,False,False,True,True,False
-0.5997164068012143,-0.118608262347174,0.3260068362622954,False,False,False,False,True,False,False,False,False,False,False,False,False
0.2580581875893443,0.0316406541879929,0.1170727391063699,True,False,False,True,False,False,True,False,False,False,True,True,False
0.2580581875893443,1.0833830699341624,0.8831644286780963,False,False,False,False,True,False,False,False,False,False,False,True,True
0.19207552648237824,-0.7196039284878423,-0.997242445725232,True,False,False,False,True,False,False,False,True,False,True,True,False
-0.9296297123360444,-1.09522621982576,-0.7883083485693065,False,False,True,False,False,False,False,False,False,False,True,True,False
0.060110204268446155,-1.0675827619988856e-15,-0.0222166589975802,True,False,True,False,False,False,False,False,False,True,True,False,False
0.6539541542311406,0.7828852368638283,0.3260068362622954,True,False,True,False,False,False,False,False,False,True,True,False,True
1.379763426407767,1.8346276526099976,1.858190215405748,False,False,False,False,True,False,False,False,False,False,True,True,True
1.0498501208729367,1.158507528201746,1.301032622989947,False,True,False,False,False,False,False,False,True,False,True,True,True
0.45600617091024237,0.4823874037934941,0.6742303315221709,False,False,True,False,False,False,False,False,True,False,True,True,True
0.5879714931241745,0.8580096951314118,0.3956515353142704,True,False,False,False,False,False,False,False,True,False,False,True,True
-0.13783777905245198,0.332138487258327,0.4652962343662455,False,False,False,True,False,False,False,False,True,False,False,True,True
-1.655438984512671,-1.8464708025015952,-1.9722682324528835,False,False,False,False,True,False,True,False,False,False,False,True,False
1.577711409728665,0.4072629455259106,0.0474280400543948,True,False,True,False,False,False,True,False,False,False,True,True,True
-0.46775108458728215,-1.1703506780933437,-1.2061765428811573,True,True,False,False,False,True,False,False,False,False,True,True,False
-0.9956123734430105,-1.0675827619988856e-15,-2.250847028660784,True,False,False,False,False,False,False,False,False,True,True,True,False
-1.3915083400848067,-1.0675827619988856e-15,0.0474280400543948,True,False,False,False,False,False,False,False,False,False,False,True,False
-0.7976643901221123,-0.4191060954175082,-0.0918613580495553,False,False,True,False,False,False,False,True,False,False,True,False,False
1.379763426407767,1.0833830699341624,0.5349409334182207,True,False,False,False,True,False,False,False,False,True,True,False,True
0.3900235098032764,0.7828852368638283,1.0224538267820464,False,False,True,False,False,False,True,False,False,False,True,True,True
1.8416420541565293,1.2336319864693297,1.301032622989947,True,True,False,False,False,False,False,False,False,True,True,False,True
-1.3915083400848067,-1.0675827619988856e-15,-0.3007954552054807,False,False,False,False,False,True,False,False,False,False,True,True,False
-0.3357857623733501,0.0316406541879929,0.5349409334182207,True,False,False,True,False,True,False,False,False,False,False,False,False
-0.4017684234803161,0.18188957072316,-0.0222166589975802,False,True,False,False,False,False,True,False,False,False,False,True,False
0.7199368153381066,1.609254277807247,1.3706773220419222,False,False,True,False,False,False,False,False,False,True,True,True,True
1.2477981041938349,-1.0675827619988856e-15,0.0474280400543948,False,False,False,False,False,False,False,False,False,False,True,False,False
0.7859194764450727,1.5341298195396635,1.7189008173017977,False,False,False,True,False,True,False,False,False,False,False,True,True
-1.1275776956569425,-1.0675827619988856e-15,-1.2061765428811573,True,False,False,False,True,False,False,False,True,False,False,False,False
0.32404084869631034,-1.0675827619988856e-15,0.9528091277300714,False,True,False,False,False,False,True,False,False,False,False,True,False
-1.1935603567639086,-0.8698528450230093,-1.136531843829182,False,False,True,False,False,False,False,False,False,True,False,True,False
-0.26980310126638407,-0.1937327206147576,-0.7186636495173314,True,False,True,False,False,False,True,False,False,False,True,True,False
-0.6656990679081803,-1.0675827619988856e-15,0.1170727391063699,False,False,True,False,False,False,False,False,False,False,False,False,False
-0.07185511794548592,-0.0434838040795905,0.5349409334182207,False,False,True,False,False,False,False,False,False,True,True,True,False
0.19207552648237824,1.2336319864693297,0.8831644286780963,False,False,False,True,False,False,False,False,False,True,False,False,True
0.1260928653754122,-1.1703506780933437,-1.066887144777207,True,True,False,False,False,False,False,False,False,True,True,True,False
-0.3357857623733501,-0.7196039284878423,-0.7883083485693065,False,False,False,False,False,False,False,False,True,False,False,True,False
0.5219888320172085,1.2336319864693297,1.4403220210938972,False,False,True,False,False,True,False,False,False,False,False,False,True
-0.13783777905245198,-0.7196039284878423,-0.7186636495173314,True,False,False,False,False,True,False,False,False,False,True,True,False
0.7199368153381066,0.9331341533989952,1.4403220210938972,False,True,False,False,False,False,True,False,False,False,True,False,True
-0.5337337456942483,-1.4708485111636775,-1.624044737193008,True,True,False,False,False,False,False,False,True,False,True,True,False
-0.4017684234803161,-0.4191060954175082,0.3956515353142704,False,False,True,False,False,False,True,False,False,False,True,False,False
0.45600617091024237,-0.4191060954175082,-0.7883083485693065,True,False,False,False,True,False,True,False,False,False,True,True,False
0.5879714931241745,-1.0675827619988856e-15,0.0474280400543948,False,False,False,False,False,False,False,False,False,False,True,False,False
-0.5337337456942483,-0.9449773032905928,-1.066887144777207,True,True,False,False,False,False,False,False,False,False,False,False,False
-0.005872456838519888,0.5575118620610777,0.3260068362622954,False,False,True,False,False,False,False,False,False,False,True,True,True
-1.787404306726603,-1.3205995946285105,-1.5544000381410328,False,False,False,True,False,False,True,False,False,False,False,True,False
-0.13783777905245198,-0.8698528450230093,-1.2061765428811573,True,False,True,False,False,False,False,False,False,True,True,True,False
-2.8431268844380595,-1.9215952607691784,-2.250847028660784,False,True,False,False,False,False,True,False,False,False,False,False,False
0.5219888320172085,0.5575118620610777,0.5349409334182207,True,True,False,False,False,False,False,False,True,False,False,False,True
-1.721421645619637,-0.3439816371499246,-0.3007954552054807,False,False,False,True,False,False,False,False,False,True,False,False,False
1.577711409728665,1.158507528201746,1.0920985258340217,True,False,False,False,True,False,False,True,False,False,True,True,True
1.6436940708356311,1.158507528201746,1.161743224885997,True,False,True,False,False,False,False,True,False,False,True,False,True
-0.13783777905245198,-1.1703506780933437,-1.2758212419331325,True,False,False,True,False,False,True,False,False,False,True,True,False
-0.46775108458728215,0.18188957072316,-0.0222166589975802,False,False,True,False,False,False,True,False,False,False,True,True,False
0.9178847986590046,-1.0675827619988856e-15,0.0474280400543948,True,False,False,True,False,False,False,False,False,False,True,True,False
0.32404084869631034,-0.1937327206147576,-0.0918613580495553,True,False,True,False,False,False,False,True,False,False,True,True,False
-0.3357857623733501,-0.118608262347174,-0.3704401542574558,False,False,False,False,False,False,True,False,False,False,True,True,False
1.379763426407767,1.158507528201746,1.7189008173017977,False,False,False,False,True,False,False,False,True,False,True,True,True
1.0498501208729367,-0.1937327206147576,-0.509729552361406,True,False,False,False,True,False,False,False,False,True,True,True,False
-0.26980310126638407,-0.4191060954175082,-0.9275977466732568,True,False,True,False,False,False,False,False,False,True,True,True,False
2.0395900374774274,2.0600010274127483,1.9278349144577231,False,True,False,False,False,True,False,False,False,False,True,True,True
0.5879714931241745,-0.118608262347174,-0.2311507561535056,True,True,False,False,False,False,False,False,True,False,False,True,False
-0.07185511794548592,0.7077607785962448,0.8831644286780963,False,False,True,False,False,True,False,False,False,False,True,True,True
-0.9296297123360444,-1.5459729694312612,-1.5544000381410328,True,True,False,False,False,False,True,False,False,False,True,False,False
1.379763426407767,-1.0675827619988856e-15,0.0474280400543948,True,False,True,False,False,False,False,False,False,False,False,True,False
-0.8636470512290784,-0.5693550119526752,-1.066887144777207,False,False,True,False,False,False,False,False,False,False,True,True,False
0.9838674597659707,1.2336319864693297,1.301032622989947,False,False,False,False,True,False,False,True,False,False,False,True,True
-1.787404306726603,-2.071844177304346,-2.1115576305568338,True,False,False,True,False,True,False,False,False,False,False,False,False
0.32404084869631034,0.1067651124555765,0.8135197296261212,False,False,True,False,False,False,False,False,True,False,True,False,True
2.0395900374774274,1.7595031943424142,1.5796114191978474,True,False,True,False,False,False,False,False,False,False,True,True,True
1.0498501208729367,0.9331341533989952,1.3706773220419222,True,False,False,True,False,False,False,False,True,False,True,False,True
-0.46775108458728215,-1.0675827619988856e-15,0.0474280400543948,True,False,True,False,False,False,False,False,False,False,False,True,False
-0.3357857623733501,-1.0675827619988856e-15,-1.9026235334009085,True,True,False,False,False,False,False,False,False,False,True,True,False
0.7859194764450727,0.332138487258327,0.2563621372103202,True,False,False,False,True,False,False,False,False,False,False,False,True
-1.1275776956569425,-1.395724052896094,-1.2061765428811573,True,False,True,False,False,False,False,False,False,False,False,True,False
-0.46775108458728215,-0.8698528450230093,-1.4847553390890578,True,True,False,False,False,False,True,False,False,False,True,True,False
0.2580581875893443,0.18188957072316,0.5349409334182207,False,False,True,False,False,False,False,False,True,False,True,False,True
1.0498501208729367,1.0833830699341624,0.6742303315221709,True,True,False,False,False,False,False,False,False,False,True,False,True
1.577711409728665,1.5341298195396635,0.9528091277300714,True,False,False,False,True,False,False,False,False,False,False,True,True
-1.5234736622987388,-0.5693550119526752,-0.509729552361406,False,False,True,False,False,True,False,False,False,False,False,True,False
0.9178847986590046,-0.4191060954175082,-0.1615060571015305,True,False,True,False,False,False,False,False,True,False,False,True,False
0.9838674597659707,0.9331341533989952,1.0920985258340217,True,False,False,True,False,False,False,False,True,False,True,True,True
-0.5997164068012143,-0.6444794702202588,-0.997242445725232,True,False,True,False,False,False,False,False,False,True,True,True,False
-0.46775108458728215,0.18188957072316,0.8135197296261212,False,False,False,True,False,False,False,False,False,True,True,True,True
-0.13783777905245198,-1.0675827619988856e-15,0.0474280400543948,False,False,False,True,False,False,False,False,False,False,True,True,False
-0.203820440159418,-0.4191060954175082,-0.1615060571015305,True,False,True,False,False,True,False,False,False,False,True,False,False
0.32404084869631034,0.0316406541879929,0.1170727391063699,False,False,False,False,True,True,False,False,False,False,True,False,True
-0.13783777905245198,0.2570140289907435,0.1867174381583451,False,True,False,False,False,False,True,False,False,False,False,True,False
-0.7316817290151464,-1.0675827619988856e-15,0.0474280400543948,True,False,False,True,False,False,False,False,False,False,False,True,False
-0.9956123734430105,-1.395724052896094,-0.997242445725232,False,False,False,False,True,False,False,False,False,False,True,True,False
-0.26980310126638407,0.4823874037934941,0.8135197296261212,False,False,True,False,False,False,False,False,False,False,True,False,True
1.7756593930495632,2.2853744022154987,1.858190215405748,False,False,False,False,True,False,False,False,False,False,True,False,True
-0.7976643901221123,0.18188957072316,-0.6490189504653563,True,False,True,False,False,False,True,False,False,False,False,True,False
0.19207552648237824,-0.3439816371499246,0.3956515353142704,False,False,False,True,False,False,False,False,True,False,False,True,False
-1.4574910011917728,-1.395724052896094,-1.4151106400370823,True,False,False,True,False,False,True,False,False,False,False,True,False
1.313780765300801,1.158507528201746,1.5796114191978474,False,False,False,False,True,False,False,False,True,False,True,False,True
1.2477981041938349,1.6843787360748306,1.161743224885997,False,False,False,False,True,False,False,False,False,False,True,True,True
-1.0615950345499765,-1.0675827619988856e-15,0.3260068362622954,False,False,False,False,False,False,False,True,False,False,False,True,False
1.445746087514733,-1.0675827619988856e-15,0.4652962343662455,True,False,False,True,False,False,False,False,False,True,True,False,False
-0.46775108458728215,-0.5693550119526752,0.0474280400543948,False,False,False,False,True,False,False,False,False,False,True,True,False
-2.249282934475365,-2.672839843445014,-2.1115576305568338,False,False,False,False,True,False,False,False,False,True,False,True,False
-1.9853522900475011,-3.048462134782932,-2.87764932012856,True,True,False,False,False,False,True,False,False,False,False,True,False
-0.203820440159418,0.6326363203286612,0.7438750305741461,False,True,False,False,False,False,False,False,False,True,False,False,True
0.060110204268446155,-1.1703506780933437,-0.3704401542574558,True,False,False,True,False,False,False,False,False,False,True,False,False
-0.07185511794548592,-1.0675827619988856e-15,0.0474280400543948,False,False,False,True,False,False,False,False,False,False,True,False,False
1.2477981041938349,1.0833830699341624,1.4403220210938972,True,False,False,True,False,False,False,True,False,False,True,True,True
0.45600617091024237,-1.0675827619988856e-15,0.0474280400543948,False,False,True,False,False,False,False,False,False,False,True,True,False
-2.117317612261433,-1.0675827619988856e-15,0.0474280400543948,False,False,False,False,False,False,False,False,False,False,False,False,False
1.7756593930495632,2.2853744022154987,2.206413710665624,False,False,False,True,False,True,False,False,False,False,False,False,True
0.060110204268446155,1.0833830699341624,1.0920985258340217,False,False,False,True,False,False,False,False,False,True,False,True,True
1.445746087514733,0.5575118620610777,0.6045856324701958,True,False,False,True,False,False,False,False,True,False,True,True,True
-0.5997164068012143,-1.6210974276988446,-1.2061765428811573,True,True,False,False,False,False,True,False,False,False,True,True,False
0.8519021375520386,1.0833830699341624,1.5796114191978474,False,False,False,True,False,False,False,False,True,False,True,False,True
0.060110204268446155,0.4072629455259106,0.2563621372103202,False,False,True,False,False,True,False,False,False,False,False,True,True
0.2580581875893443,-0.4191060954175082,0.1170727391063699,True,False,False,False,True,True,False,False,False,False,True,False,False
-1.0615950345499765,-2.071844177304346,-1.4151106400370823,True,False,False,True,False,True,False,False,False,False,False,True,False
0.19207552648237824,1.0833830699341624,0.9528091277300714,False,False,False,False,False,False,False,False,True,False,True,True,True
-0.9296297123360444,-0.6444794702202588,-0.1615060571015305,False,False,True,False,False,True,False,False,False,False,True,False,False
-1.2595430178708746,-0.5693550119526752,-0.1615060571015305,False,False,True,False,False,True,False,False,False,False,False,False,False
-1.3255256789778407,-1.0675827619988856e-15,-0.9275977466732568,False,True,False,False,False,False,False,False,False,False,False,True,False
0.1260928653754122,0.0316406541879929,-0.1615060571015305,False,False,False,False,True,False,False,False,True,False,True,True,False
2.2375380207983255,2.2853744022154987,2.206413710665624,True,False,False,False,True,True,False,False,False,False,True,False,True
-1.4574910011917728,-1.0675827619988856e-15,-1.136531843829182,False,False,True,False,False,False,True,False,False,False,True,True,False
-0.5997164068012143,0.5575118620610777,0.8135197296261212,False,False,True,False,False,False,False,False,False,False,True,False,True
1.6436940708356311,1.9848765691451649,1.5796114191978474,True,True,False,False,False,False,False,False,True,False,True,False,True
0.19207552648237824,0.0316406541879929,-0.0918613580495553,True,False,False,True,False,False,True,False,False,False,False,True,False
-2.051334951154467,-1.2454751363609269,-1.5544000381410328,False,False,True,False,False,False,True,False,False,False,False,True,False
0.3900235098032764,-0.2688571788823411,-0.1615060571015305,True,False,False,True,False,False,True,False,False,False,True,True,False
-0.7976643901221123,-0.3439816371499246,-0.2311507561535056,False,True,False,False,False,False,False,False,False,False,False,True,False
0.5219888320172085,-1.0675827619988856e-15,0.0474280400543948,True,False,False,True,False,False,False,False,False,False,False,True,False
0.5219888320172085,-0.4191060954175082,-0.5793742514133812,True,False,False,False,True,False,False,False,False,True,True,False,False
-0.13783777905245198,-1.0201017615581764,-1.136531843829182,True,False,False,False,True,False,False,False,False,False,False,True,False
-0.07185511794548592,-0.6444794702202588,0.1867174381583451,False,False,False,True,False,False,True,False,False,False,False,False,False
-1.3255256789778407,-1.9967197190367625,-1.693689436244983,True,False,False,False,True,False,False,False,False,False,False,False,False
-1.1935603567639086,-1.0201017615581764,-1.2061765428811573,False,False,True,False,False,False,False,False,False,True,False,True,False
0.060110204268446155,0.332138487258327,0.1170727391063699,True,False,True,False,False,False,False,False,True,False,False,False,True
-0.26980310126638407,-0.9449773032905928,-0.440084853309431,True,False,False,True,False,False,False,False,True,False,False,True,False
-0.3357857623733501,0.1067651124555765,0.3260068362622954,True,False,False,True,False,False,False,False,False,False,False,False,False
0.2580581875893443,0.4072629455259106,0.3956515353142704,True,False,True,False,False,True,False,False,False,False,False,False,True
2.1055726985843934,1.3087564447369129,1.5099667201458724,True,False,True,False,False,False,False,False,False,False,True,False,True
0.2580581875893443,-0.4942305536850917,-0.7186636495173314,True,False,False,True,False,False,False,False,True,False,False,True,False
0.060110204268446155,-1.0675827619988856e-15,-1.066887144777207,True,False,False,False,False,False,False,False,False,False,True,True,False
-0.5997164068012143,-0.8698528450230093,-0.7883083485693065,False,False,False,False,True,False,True,False,False,False,False,True,False
1.2477981041938349,-1.0675827619988856e-15,0.0474280400543948,True,False,False,True,False,False,False,False,False,False,True,False,False
0.7199368153381066,-0.118608262347174,0.0474280400543948,True,False,False,True,False,False,False,False,False,True,True,False,True
0.3900235098032764,-0.2688571788823411,0.2563621372103202,True,False,True,False,False,False,False,True,False,False,False,False,False
0.7859194764450727,1.609254277807247,1.9278349144577231,False,False,False,True,False,False,False,True,False,False,True,True,True
0.9838674597659707,-0.2688571788823411,-0.3007954552054807,True,False,True,False,False,False,True,False,False,False,True,True,True
-0.3357857623733501,-0.5693550119526752,-0.509729552361406,True,False,False,False,False,False,False,False,False,True,False,False,False
-0.5337337456942483,-0.118608262347174,-0.509729552361406,False,True,False,False,False,False,True,False,False,False,True,True,False
-0.7976643901221123,-0.6444794702202588,-0.7186636495173314,False,False,True,False,False,False,False,False,False,False,True,True,False
1.0498501208729367,0.9331341533989952,0.8135197296261212,True,True,False,False,False,False,True,False,False,False,True,True,True
-1.1275776956569425,-1.0675827619988856e-15,0.0474280400543948,False,False,False,True,False,False,False,False,False,False,False,True,False
-1.1275776956569425,-1.4708485111636775,-1.136531843829182,True,True,False,False,False,False,False,False,False,True,False,False,False
-0.5997164068012143,0.4072629455259106,0.3260068362622954,False,False,False,False,True,False,True,False,False,False,False,False,False
1.8416420541565293,0.2570140289907435,0.1867174381583451,True,False,False,False,True,False,True,False,False,False,True,True,True
0.5879714931241745,0.5575118620610777,1.0224538267820464,False,False,False,True,False,False,False,False,True,False,True,False,True
0.5219888320172085,0.332138487258327,0.2563621372103202,False,False,False,False,True,False,False,False,False,True,False,True,True
-0.5337337456942483,-1.3205995946285105,-0.997242445725232,True,False,True,False,False,False,True,False,False,False,True,False,False
-0.26980310126638407,-0.0434838040795905,0.0474280400543948,False,False,True,False,False,False,False,False,True,False,True,True,False
0.3900235098032764,-0.9449773032905928,-0.440084853309431,True,False,False,False,True,False,False,False,False,False,True,True,False
1.1818154430868688,1.3087564447369129,0.8831644286780963,True,False,True,False,False,False,False,False,True,False,True,True,True
1.7096767319425972,2.2853744022154987,2.206413710665624,False,False,False,True,False,False,False,True,False,False,True,True,True
-1.3915083400848067,-0.4942305536850917,-0.6490189504653563,False,False,False,True,False,False,True,False,False,False,True,True,False
0.5879714931241745,-1.0675827619988856e-15,0.1867174381583451,True,False,True,False,False,False,True,False,False,False,True,True,False
-0.6656990679081803,-0.8698528450230093,-0.3007954552054807,False,False,False,False,False,False,False,False,True,False,True,True,False
-1.1935603567639086,-1.1703506780933437,-1.066887144777207,False,False,False,True,False,False,False,False,False,True,False,True,False
2.2375380207983255,2.2853744022154987,2.206413710665624,False,False,False,False,True,False,False,False,False,False,True,True,True
-0.07185511794548592,0.4823874037934941,0.4652962343662455,False,False,True,False,False,False,False,False,False,True,False,False,True
0.3900235098032764,-0.9449773032905928,-0.7186636495173314,True,False,False,True,False,False,False,False,True,False,True,True,False
-0.26980310126638407,0.0316406541879929,0.2563621372103202,False,False,False,True,False,False,False,False,True,False,True,True,False
-0.005872456838519888,-0.118608262347174,-0.3007954552054807,True,False,False,False,False,False,False,False,False,True,True,False,False
-0.203820440159418,-0.4942305536850917,-0.5793742514133812,True,False,True,False,False,False,False,False,True,False,True,True,False
0.1260928653754122,0.4823874037934941,-0.0918613580495553,False,False,False,False,True,False,False,False,False,False,True,True,True
0.5879714931241745,1.0833830699341624,0.8135197296261212,False,True,False,False,False,True,False,False,False,False,True,True,True
1.511728748621699,2.2853744022154987,2.206413710665624,False,False,False,True,False,True,False,False,False,False,True,True,True
0.7859194764450727,0.18188957072316,0.0474280400543948,True,False,True,False,False,False,False,False,False,True,True,False,True
-0.8636470512290784,-1.4708485111636775,-0.5793742514133812,False,False,False,False,False,False,True,False,False,False,False,False,False
-1.1275776956569425,-1.0675827619988856e-15,0.0474280400543948,False,False,False,True,False,False,False,False,False,False,False,True,False
-0.7976643901221123,-1.0675827619988856e-15,0.0474280400543948,False,False,False,False,False,False,False,False,False,False,True,True,False
-0.13783777905245198,0.9331341533989952,0.6045856324701958,False,False,True,False,False,False,False,False,True,False,True,False,True
-0.4017684234803161,-0.5693550119526752,-0.5793742514133812,True,True,False,False,False,False,False,False,True,False,False,False,False
-0.26980310126638407,-0.3439816371499246,-0.7186636495173314,True,False,True,False,False,False,False,False,False,False,True,True,False
-0.7316817290151464,-1.0675827619988856e-15,-1.4151106400370823,True,False,False,True,False,False,True,False,False,False,True,False,False
1.6436940708356311,1.9097521108775808,1.788545516353773,False,False,True,False,False,False,False,False,False,False,True,True,True
-3.83286680104255,-3.4240844261208494,-3.1562281163364605,False,True,False,False,False,False,True,False,False,False,False,True,False
0.9838674597659707,0.6326363203286612,0.6742303315221709,True,False,False,True,False,False,False,False,False,True,True,True,True
0.8519021375520386,1.158507528201746,1.231387923937972,True,True,False,False,False,False,False,False,False,True,True,False,True
0.7859194764450727,1.3087564447369129,1.5796114191978474,False,False,False,False,False,False,False,False,True,False,True,False,True
0.5219888320172085,0.4072629455259106,0.9528091277300714,False,False,True,False,False,False,False,False,False,True,True,True,True
-0.5997164068012143,-1.0675827619988856e-15,-0.997242445725232,True,False,False,False,False,False,True,False,False,False,True,True,False
-1.721421645619637,-1.0675827619988856e-15,0.0474280400543948,False,False,True,False,False,False,False,False,False,False,True,True,False
0.9838674597659707,0.4072629455259106,0.5349409334182207,True,False,False,False,True,False,False,False,False,True,True,False,True
-1.4574910011917728,-1.8464708025015952,-1.624044737193008,False,False,False,False,False,False,False,False,False,True,False,True,False
0.060110204268446155,1.2336319864693297,1.0224538267820464,False,False,False,True,False,False,False,False,True,False,False,False,True
1.313780765300801,0.8580096951314118,0.4652962343662455,True,False,False,False,True,False,True,False,False,False,False,False,True
-0.07185511794548592,0.9331341533989952,0.6742303315221709,False,True,False,False,False,False,False,False,False,True,True,False,True
-0.7316817290151464,0.4823874037934941,0.5349409334182207,False,False,False,True,False,False,False,False,False,False,False,True,False
-0.26980310126638407,0.18188957072316,0.3956515353142704,False,False,False,True,False,True,False,False,False,False,False,True,False
-0.203820440159418,-0.4942305536850917,-0.440084853309431,True,False,False,False,False,False,True,False,False,False,True,True,False
1.445746087514733,-1.0675827619988856e-15,1.858190215405748,False,False,False,False,True,False,False,True,False,False,True,False,False
-0.26980310126638407,-1.09522621982576,-0.9275977466732568,True,False,True,False,False,False,True,False,False,False,False,True,False
-0.46775108458728215,0.1067651124555765,-0.2311507561535056,False,False,True,False,False,False,True,False,False,False,False,False,False
0.1260928653754122,-1.0675827619988856e-15,0.0474280400543948,False,False,False,True,False,False,False,False,False,False,True,False,False
0.7199368153381066,1.2336319864693297,1.231387923937972,False,False,False,True,False,False,False,False,True,False,False,True,True
