,math score,reading score,writing score,gender_male,race/ethnicity_group B,race/ethnicity_group C,race/ethnicity_group D,race/ethnicity_group E,parental level of education_bachelor's degree,parental level of education_high school,parental level of education_master's degree,parental level of education_some college,parental level of education_some high school,lunch_standard,test preparation course_none
0,72,0.18188957072316003,0.39565153531427044,False,True,False,False,False,True,False,False,False,False,True,True
1,69,1.5341298195396635,1.3706773220419222,False,False,True,False,False,False,False,False,True,False,True,False
2,90,1.9097521108775812,1.7189008173017977,False,True,False,False,False,False,False,True,False,False,True,True
3,47,-0.9449773032905928,-1.693689436244983,True,False,False,False,False,False,False,False,False,False,False,True
4,76,0.6326363203286612,0.46529623436624556,True,False,True,False,False,False,False,False,True,False,True,True
5,71,1.0082586116665788,0.6742303315221709,False,True,False,False,False,False,False,False,False,False,True,True
6,88,1.9097521108775812,1.6492561182498227,False,True,False,False,False,False,False,False,True,False,True,False
7,40,-1.9967197190367623,-2.0419129315048585,True,True,False,False,False,False,False,False,True,False,False,True
8,64,-0.4191060954175082,-0.09186135804955536,True,False,False,True,False,False,True,False,False,False,False,False
9,38,-0.7196039284878423,-1.2758212419331323,False,True,False,False,False,False,True,False,False,False,False,True
10,58,-1.0675827619988856e-15,0.047428040054394875,True,False,True,False,False,False,False,False,False,False,True,True
11,40,-1.3205995946285105,-1.7633341352969583,True,False,False,True,False,False,False,False,False,False,True,True
12,65,0.8580096951314118,0.3260068362622954,False,True,False,False,False,False,True,False,False,False,True,True
13,78,0.18188957072316003,0.11707273910636999,True,False,False,False,False,False,False,False,True,False,True,False
14,50,-1.2454751363609269,-0.7186636495173314,False,False,False,False,False,False,False,True,False,False,True,True
15,69,0.40726294552591064,0.6742303315221709,False,False,True,False,False,False,False,False,False,True,True,True
16,88,1.45900536127208,1.231387923937972,True,False,True,False,False,False,True,False,False,False,True,True
17,18,-2.823088759980181,-2.8080046210765848,False,True,False,False,False,False,False,False,False,True,False,True
18,46,-2.071844177304346,-1.5544000381410328,True,False,True,False,False,False,False,True,False,False,False,False
19,54,-0.8698528450230093,-0.509729552361406,False,False,True,False,False,False,False,False,False,False,False,True
20,66,-0.04348380407959054,-0.37044015425745586,True,False,False,True,False,False,True,False,False,False,True,True
21,65,0.40726294552591064,0.11707273910636999,False,True,False,False,False,False,False,False,True,False,False,False
22,44,-1.1703506780933435,-1.066887144777207,True,False,False,True,False,False,False,False,True,False,True,True
23,69,-1.0675827619988856e-15,0.047428040054394875,False,False,True,False,False,False,False,False,False,False,True,True
24,74,0.10676511245557652,0.8135197296261212,True,False,False,True,False,True,False,False,False,False,False,False
25,73,-1.0675827619988856e-15,0.25636213721032025,True,False,False,False,False,False,False,True,False,False,False,True
26,69,-1.1703506780933435,-0.9275977466732568,True,True,False,False,False,False,False,False,True,False,True,True
27,67,-0.04348380407959054,0.46529623436624556,False,False,True,False,False,True,False,False,False,False,True,True
28,70,0.031640654187992986,-0.2311507561535056,True,False,True,False,False,False,True,False,False,False,True,True
29,62,0.031640654187992986,0.46529623436624556,False,False,False,True,False,False,False,True,False,False,True,True
30,69,-1.0675827619988856e-15,0.047428040054394875,False,False,False,True,False,False,False,False,False,False,True,True
31,63,-0.34398163714992464,-0.509729552361406,False,True,False,False,False,False,False,False,True,False,True,True
32,56,0.18188957072316003,-0.2311507561535056,False,False,False,False,True,False,False,True,False,False,False,True
33,40,-2.071844177304346,-2.1115576305568338,True,False,False,True,False,False,False,False,True,False,True,True
34,97,1.3087564447369129,0.9528091277300714,True,False,False,False,True,False,False,False,True,False,True,True
35,81,0.8580096951314118,0.7438750305741461,True,False,False,False,True,False,False,False,False,False,True,False
36,74,0.8580096951314118,1.0224538267820464,False,False,False,True,False,False,False,False,False,False,True,True
37,50,-0.4191060954175082,-0.6490189504653563,False,False,False,True,False,False,False,False,False,True,False,True
38,75,1.5341298195396635,1.3706773220419222,False,False,False,True,False,False,False,False,False,False,False,False
39,57,-1.0675827619988856e-15,0.047428040054394875,True,True,False,False,False,False,False,False,False,False,False,True
40,55,-0.6444794702202588,-0.9972424457252319,True,False,True,False,False,False,False,False,False,False,False,True
41,58,0.25701402899074355,-0.022216658997580244,False,False,True,False,False,False,False,False,False,False,True,True
42,53,-0.8698528450230093,-0.2311507561535056,False,True,False,False,False,False,False,False,False,False,True,True
43,59,-0.34398163714992464,-0.1615060571015305,True,True,False,False,False,False,False,False,True,False,False,False
44,50,-1.0675827619988856e-15,-0.9972424457252319,False,False,False,False,True,False,False,False,False,False,False,True
45,65,-1.1703506780933435,-0.7883083485693065,True,True,False,False,False,False,False,False,False,False,True,True
46,55,-0.34398163714992464,-0.440084853309431,False,False,False,False,False,False,False,False,False,False,True,False
47,66,0.10676511245557652,0.5349409334182207,False,False,True,False,False,False,True,False,False,False,True,True
48,57,0.33213848725832706,0.5349409334182207,False,False,False,True,False,False,False,False,False,False,False,False
49,82,1.0833830699341624,0.9528091277300714,True,False,True,False,False,False,True,False,False,False,True,False
50,53,-1.0952262198257599,-1.4151106400370825,True,False,False,False,True,False,False,False,True,False,True,True
51,77,-0.04348380407959054,-0.022216658997580244,True,False,False,False,True,False,False,False,False,False,False,False
52,53,-1.9215952607691786,-1.8329788343489333,True,False,True,False,False,False,False,False,True,False,True,True
53,88,0.6326363203286612,0.46529623436624556,True,False,False,True,False,False,True,False,False,False,True,True
54,71,-1.0675827619988856e-15,0.047428040054394875,False,False,True,False,False,False,False,False,False,False,False,False
55,33,-1.0675827619988856e-15,-1.7633341352969583,False,False,True,False,False,False,True,False,False,False,False,True
56,82,1.1585075282017459,1.231387923937972,False,False,False,False,True,False,False,False,False,False,True,False
57,52,-1.0952262198257599,-1.3454659409851075,True,False,False,True,False,False,False,False,False,False,True,True
58,58,-0.7947283867554258,-0.7186636495173314,True,False,False,True,False,False,False,False,True,False,True,False
59,0,-1.0675827619988856e-15,0.047428040054394875,False,False,True,False,False,False,False,False,False,False,False,True
60,79,0.33213848725832706,0.25636213721032025,True,False,False,False,True,True,False,False,False,False,False,False
61,39,-2.2972175521070963,-2.3901364267647343,True,False,False,False,False,False,False,False,False,True,False,True
62,62,-0.6444794702202588,-0.9275977466732568,True,False,False,False,False,False,False,False,False,False,False,True
63,69,-1.0675827619988856e-15,0.1867174381583451,False,False,True,False,False,False,False,False,False,False,True,True
64,59,-0.8698528450230093,-0.6490189504653563,False,False,False,True,False,False,False,False,False,True,True,True
65,67,-0.4191060954175082,-0.509729552361406,True,True,False,False,False,False,False,False,False,True,True,True
66,45,-1.0675827619988856e-15,0.047428040054394875,True,False,False,True,False,False,False,False,False,False,False,True
67,60,-1.0675827619988856e-15,0.047428040054394875,False,False,True,False,False,False,False,False,False,False,True,True
68,61,-0.8698528450230093,-0.8579530476212817,True,True,False,False,False,False,False,False,False,False,False,True
69,39,-0.4191060954175082,-0.7883083485693065,False,False,True,False,False,False,False,False,False,False,True,True
70,58,-1.0675827619988856e-15,0.047428040054394875,False,False,False,True,False,False,False,False,False,False,False,False
71,63,-1.0952262198257599,-0.37044015425745586,True,False,False,True,False,False,False,False,True,False,True,False
72,41,-1.0675827619988856e-15,-1.4151106400370825,False,False,False,False,False,False,False,False,False,False,False,True
73,61,-0.9449773032905928,-0.8579530476212817,True,False,True,False,False,False,False,False,False,True,False,True
74,49,-1.5459729694312612,-1.9026235334009085,True,False,True,False,False,False,False,False,False,True,True,True
75,44,-2.1469686355719295,-2.1115576305568338,True,True,False,False,False,False,False,False,False,False,False,True
76,30,-1.0675827619988856e-15,0.047428040054394875,True,False,False,False,True,False,False,False,False,False,True,True
77,80,0.6326363203286612,0.8831644286780963,True,False,False,False,False,True,False,False,False,False,True,False
78,61,0.33213848725832706,0.25636213721032025,False,False,False,True,False,False,False,False,False,True,True,False
79,62,-0.11860826234717407,-0.022216658997580244,False,False,False,False,True,False,False,True,False,False,True,True
80,47,-1.5459729694312612,-1.2758212419331323,False,True,False,False,False,False,False,False,False,False,True,True
81,49,-1.8464708025015952,-1.624044737193008,True,True,False,False,False,False,True,False,False,False,False,True
82,50,-1.6962218859664282,-0.9972424457252319,True,False,False,False,False,False,False,False,True,False,False,False
83,72,-0.4191060954175082,-0.37044015425745586,True,False,False,False,True,False,False,False,False,False,True,True
84,42,-2.2972175521070963,-2.3901364267647343,True,False,False,True,False,False,True,False,False,False,False,True
85,73,0.7828852368638283,0.9528091277300714,False,False,True,False,False,False,False,False,True,False,True,True
86,76,-1.0675827619988856e-15,1.3706773220419222,False,False,True,False,False,False,False,False,True,False,False,True
87,71,0.10676511245557652,0.39565153531427044,False,False,False,True,False,False,False,False,False,False,True,True
88,58,-1.0675827619988856e-15,-0.09186135804955536,False,False,False,False,False,False,False,False,False,False,True,True
89,73,1.2336319864693295,0.9528091277300714,False,False,False,True,False,False,False,False,False,True,True,True
90,65,0.18188957072316003,0.39565153531427044,False,False,True,False,False,True,False,False,False,False,True,True
91,27,-2.672839843445014,-2.2508470286607842,True,False,True,False,False,False,True,False,False,False,False,True
92,71,0.7077607785962448,0.1867174381583451,True,False,True,False,False,False,True,False,False,False,True,True
93,43,-1.8464708025015952,-1.2758212419331323,True,False,True,False,False,False,False,False,False,False,False,False
94,79,1.2336319864693295,1.6492561182498227,False,True,False,False,False,False,False,False,True,False,True,True
95,78,0.8580096951314118,0.9528091277300714,True,False,True,False,False,False,False,False,False,False,False,False
96,65,-1.0675827619988856e-15,0.047428040054394875,True,True,False,False,False,False,False,False,False,False,True,False
97,63,0.18188957072316003,0.11707273910636999,False,False,False,False,True,False,False,False,True,False,True,False
98,58,-0.1937327206147576,-0.440084853309431,False,False,False,True,False,False,False,False,True,False,False,True
99,65,-0.1937327206147576,-0.440084853309431,False,False,False,True,False,True,False,False,False,False,True,True
100,79,-0.1937327206147576,-0.09186135804955536,True,True,False,False,False,False,False,False,True,False,True,True
101,68,-1.0675827619988856e-15,0.047428040054394875,True,False,False,True,False,False,False,False,False,False,True,False
102,85,1.609254277807247,1.4403220210938972,False,False,False,True,False,False,False,False,False,False,True,True
103,60,-1.9215952607691786,-1.4847553390890578,True,True,False,False,False,False,True,False,False,False,True,False
104,98,1.2336319864693295,1.5099667201458724,True,False,True,False,False,False,False,False,True,False,True,False
105,58,-0.1937327206147576,0.25636213721032025,False,False,True,False,False,False,False,False,True,False,True,True
106,87,2.2853744022154987,2.2064137106656236,False,False,False,True,False,False,False,True,False,False,True,True
107,66,-1.0675827619988856e-15,0.047428040054394875,True,False,False,False,True,False,False,False,False,False,True,False
108,52,0.48238740379349415,0.11707273910636999,False,True,False,False,False,False,False,False,False,False,False,True
109,70,-0.4191060954175082,0.25636213721032025,False,True,False,False,False,False,False,False,False,True,True,True
110,77,1.45900536127208,2.067124312561673,False,False,False,True,False,False,False,False,False,False,False,False
111,62,-1.0952262198257599,-1.3454659409851075,True,False,True,False,False,False,True,False,False,False,True,True
112,54,-1.2454751363609269,-1.4847553390890578,True,False,False,False,False,False,False,False,False,False,True,True
113,51,-0.8698528450230093,-0.9972424457252319,False,False,False,True,False,False,False,False,True,False,True,True
114,99,2.2853744022154987,2.2064137106656236,False,False,False,False,True,True,False,False,False,False,True,False
115,84,0.5575118620610777,0.39565153531427044,True,False,True,False,False,False,True,False,False,False,True,True
116,75,1.1585075282017459,0.9528091277300714,False,True,False,False,False,True,False,False,False,False,False,True
117,78,0.9331341533989953,0.7438750305741461,False,False,False,True,False,True,False,False,False,False,True,True
118,51,-0.4942305536850917,-0.509729552361406,False,False,False,True,False,False,False,False,False,True,True,True
119,55,-0.04348380407959054,-0.2311507561535056,False,False,True,False,False,False,False,False,True,False,True,True
120,79,-1.0675827619988856e-15,1.4403220210938972,False,False,True,False,False,True,False,False,False,False,True,False
121,91,1.45900536127208,1.6492561182498227,True,True,False,False,False,False,False,False,False,False,True,False
122,88,1.7595031943424142,1.7189008173017977,False,False,True,False,False,False,False,False,True,False,True,False
123,63,-0.9449773032905928,-0.8579530476212817,True,False,False,True,False,False,True,False,False,False,False,True
124,83,0.7828852368638283,0.3260068362622954,True,False,False,False,True,False,False,False,True,False,True,True
125,87,1.9097521108775812,1.231387923937972,False,True,False,False,False,False,True,False,False,False,True,True
126,72,-0.11860826234717407,-0.09186135804955536,True,True,False,False,False,False,False,False,False,True,True,True
127,65,0.5575118620610777,0.39565153531427044,True,False,False,True,False,False,False,False,True,False,True,False
128,82,0.9331341533989953,0.39565153531427044,True,False,False,True,False,False,False,True,False,False,True,True
129,51,-1.5459729694312612,-1.2061765428811573,False,False,False,False,False,True,False,False,False,False,True,True
130,89,1.0833830699341624,0.9528091277300714,True,False,False,True,False,False,False,True,False,False,True,True
131,53,-2.4474664686422636,-1.9722682324528835,True,False,True,False,False,False,False,False,False,True,False,False
132,87,0.33213848725832706,0.11707273910636999,True,False,False,False,True,False,False,False,True,False,False,False
133,75,0.8580096951314118,1.0920985258340217,False,False,True,False,False,False,False,False,True,False,True,False
134,74,0.7077607785962448,0.46529623436624556,True,False,False,True,False,True,False,False,False,False,False,False
135,58,-1.0952262198257599,-1.4151106400370825,True,False,True,False,False,True,False,False,False,False,True,True
136,51,-1.0675827619988856e-15,0.047428040054394875,True,True,False,False,False,False,False,False,False,False,True,False
137,70,-1.0952262198257599,-0.8579530476212817,True,False,False,False,True,False,True,False,False,False,True,True
138,59,-0.2688571788823411,-0.09186135804955536,False,False,True,False,False,False,False,False,False,False,True,True
139,71,-1.0675827619988856e-15,0.047428040054394875,True,False,False,True,False,False,False,False,False,False,True,False
140,76,0.18188957072316003,0.1867174381583451,False,False,False,True,False,False,False,False,False,True,True,True
141,59,-0.5693550119526752,-0.30079545520548073,False,False,True,False,False,False,False,False,True,False,False,True
142,42,-1.0952262198257599,-0.9972424457252319,False,False,False,False,True,False,False,False,True,False,False,False
143,57,-1.9967197190367623,-1.4847553390890578,True,False,False,False,False,False,True,False,False,False,True,True
144,88,0.25701402899074355,0.6742303315221709,True,False,False,True,False,False,False,False,True,False,True,True
145,22,-2.2972175521070963,-2.4597811258167095,False,False,True,False,False,False,False,False,True,False,False,True
146,88,1.0833830699341624,0.46529623436624556,True,True,False,False,False,False,False,False,False,True,True,True
147,73,-0.11860826234717407,-0.1615060571015305,True,False,True,False,False,False,False,False,False,False,False,True
148,68,0.40726294552591064,0.8831644286780963,False,False,False,True,False,True,False,False,False,False,True,False
149,100,2.2853744022154987,1.7189008173017977,True,False,False,False,True,False,False,False,False,False,False,False
150,62,-0.1937327206147576,0.047428040054394875,True,False,False,False,False,False,False,False,False,True,True,False
151,77,-0.1937327206147576,-0.022216658997580244,True,False,False,False,False,True,False,False,False,False,True,True
152,59,0.031640654187992986,-0.1615060571015305,False,True,False,False,False,False,False,False,False,False,True,False
153,54,-1.5459729694312612,-1.4847553390890578,True,False,False,True,False,True,False,False,False,False,True,True
154,62,-0.1937327206147576,-0.509729552361406,True,False,False,True,False,False,False,False,False,True,True,True
155,70,1.45900536127208,1.3706773220419222,False,False,True,False,False,False,False,False,True,False,True,False
156,66,0.33213848725832706,0.6742303315221709,False,False,False,False,True,False,True,False,False,False,False,False
157,60,-0.7196039284878423,-0.5793742514133812,True,True,False,False,False,False,False,False,True,False,False,True
158,61,1.2336319864693295,1.301032622989947,False,True,False,False,False,False,False,False,False,False,True,False
159,66,-0.5693550119526752,-0.30079545520548073,True,False,False,True,False,False,False,False,False,False,False,True
160,82,0.6326363203286612,0.39565153531427044,True,True,False,False,False,False,False,False,False,False,False,False
161,75,1.3838809030044965,1.1617432248859967,False,False,False,False,True,False,False,False,True,False,False,False
162,49,-1.2454751363609269,-1.136531843829182,True,True,False,False,False,False,False,True,False,False,False,True
163,52,-1.2454751363609269,-1.3454659409851075,True,False,True,False,False,False,True,False,False,False,True,True
164,81,1.6843787360748306,1.5796114191978474,False,False,False,False,True,False,False,True,False,False,True,True
165,96,2.2853744022154987,2.2064137106656236,False,False,True,False,False,True,False,False,False,False,True,False
166,53,-1.3957240528960941,-1.2061765428811573,True,False,True,False,False,False,True,False,False,False,False,False
167,58,0.48238740379349415,0.6742303315221709,False,True,False,False,False,False,False,True,False,False,False,False
168,68,-1.0675827619988856e-15,0.6742303315221709,False,True,False,False,False,False,True,False,False,False,True,False
169,67,0.40726294552591064,0.11707273910636999,False,False,True,False,False,False,False,False,True,False,False,False
170,72,0.25701402899074355,0.39565153531427044,True,False,False,False,False,False,True,False,False,False,True,False
171,94,1.3838809030044965,0.6742303315221709,True,False,False,False,True,False,False,False,False,True,True,True
172,79,1.2336319864693295,0.8831644286780963,False,False,False,True,False,False,False,False,True,False,True,True
173,63,-0.1937327206147576,0.11707273910636999,False,False,True,False,False,False,False,False,False,False,True,True
174,43,-1.0675827619988856e-15,0.047428040054394875,False,False,True,False,False,False,False,False,False,False,False,False
175,81,1.609254277807247,1.301032622989947,False,False,True,False,False,False,False,True,False,False,True,False
176,46,-1.1703506780933435,-0.7186636495173314,False,True,False,False,False,False,True,False,False,False,False,False
177,71,0.5575118620610777,0.6045856324701958,False,False,True,False,False,False,False,False,False,False,True,False
178,52,0.031640654187992986,-0.440084853309431,False,True,False,False,False,False,False,True,False,False,False,False
179,97,2.2853744022154987,2.2064137106656236,False,False,False,True,False,False,False,False,False,True,True,False
180,62,-0.11860826234717407,0.46529623436624556,True,False,True,False,False,False,False,True,False,False,False,False
181,46,-0.4191060954175082,-0.1615060571015305,False,False,True,False,False,False,False,False,True,False,False,True
182,50,-1.4708485111636775,-1.4847553390890578,False,False,False,False,True,False,True,False,False,False,True,True
183,65,-0.04348380407959054,0.11707273910636999,False,False,False,True,False,False,False,False,False,False,True,True
184,45,-1.0675827619988856e-15,-1.3454659409851075,True,False,True,False,False,False,False,False,False,True,False,False
185,65,-0.1937327206147576,-0.2311507561535056,True,False,True,False,False,False,False,False,False,False,False,False
186,80,0.48238740379349415,-0.2311507561535056,True,False,False,False,True,False,True,False,False,False,True,True
187,62,-0.2688571788823411,-0.022216658997580244,True,False,False,True,False,False,False,False,False,True,True,False
188,48,-1.3205995946285105,-1.624044737193008,True,True,False,False,False,False,False,False,False,True,False,True
189,77,1.3838809030044965,1.301032622989947,False,False,True,False,False,True,False,False,False,False,True,True
190,66,-0.34398163714992464,0.047428040054394875,False,False,False,False,True,False,False,False,False,False,True,True
191,76,1.0082586116665788,0.7438750305741461,True,False,False,True,False,False,False,False,True,False,True,False
192,62,-0.4191060954175082,-0.1615060571015305,False,True,False,False,False,False,False,False,False,True,True,True
193,77,-0.5693550119526752,-0.440084853309431,True,False,False,True,False,False,False,False,True,False,True,False
194,69,1.0833830699341624,1.1617432248859967,False,False,True,False,False,False,False,True,False,False,True,False
195,61,-1.0952262198257599,-1.136531843829182,True,False,False,True,False,False,False,False,False,False,True,True
196,59,-0.04348380407959054,-0.2311507561535056,True,False,True,False,False,False,False,False,False,True,False,False
197,55,-1.0201017615581764,-1.2061765428811573,True,False,False,False,True,False,True,False,False,False,False,True
198,45,-1.0675827619988856e-15,0.047428040054394875,False,True,False,False,False,False,False,False,False,False,False,True
199,78,0.7077607785962448,0.5349409334182207,False,True,False,False,False,True,False,False,False,False,False,True
200,67,1.0833830699341624,1.231387923937972,False,False,True,False,False,False,False,False,False,False,True,False
201,65,0.8580096951314118,0.6045856324701958,False,False,False,True,False,False,False,False,True,False,False,True
202,69,0.5575118620610777,0.047428040054394875,True,False,True,False,False,False,False,False,False,False,True,True
203,57,-0.04348380407959054,-0.022216658997580244,False,True,False,False,False,False,False,False,False,False,True,True
204,59,-2.1469686355719295,-1.8329788343489333,True,False,True,False,False,False,False,False,True,False,True,True
205,74,0.10676511245557652,0.6742303315221709,True,False,False,True,False,False,False,False,False,True,True,False
206,82,-0.5693550119526752,-0.440084853309431,True,False,False,False,True,True,False,False,False,False,True,True
207,81,0.7828852368638283,0.5349409334182207,True,False,False,False,True,False,True,False,False,False,True,False
208,74,0.8580096951314118,0.5349409334182207,False,True,False,False,False,False,False,False,True,False,False,True
209,58,-1.0675827619988856e-15,0.047428040054394875,False,True,False,False,False,False,False,False,False,False,False,True
210,80,-1.0675827619988856e-15,0.047428040054394875,True,False,False,True,False,False,False,False,False,False,False,False
211,35,-3.1235865930505153,-2.87764932012856,True,False,True,False,False,False,False,False,True,False,False,True
212,42,-0.5693550119526752,-0.5793742514133812,False,False,True,False,False,False,True,False,False,False,False,True
213,60,-1.3957240528960941,-0.8579530476212817,True,False,True,False,False,False,False,False,False,False,False,False
214,87,1.609254277807247,0.8831644286780963,True,False,False,False,True,False,True,False,False,False,True,False
215,84,-1.0675827619988856e-15,0.46529623436624556,True,True,False,False,False,False,False,False,False,True,True,False
216,83,1.2336319864693295,1.3706773220419222,False,False,False,False,True,False,False,False,False,False,False,False
217,34,-2.071844177304346,-2.0419129315048585,False,False,True,False,False,False,True,False,False,False,False,True
218,66,-1.0675827619988856e-15,0.11707273910636999,True,True,False,False,False,False,False,False,False,False,False,True
219,61,-1.0201017615581764,-0.8579530476212817,True,True,False,False,False,False,False,False,False,True,True,False
220,56,-0.11860826234717407,0.39565153531427044,False,False,False,True,False,False,True,False,False,False,True,False
221,87,-1.0675827619988856e-15,0.047428040054394875,True,True,False,False,False,False,False,False,False,False,True,True
222,55,-0.34398163714992464,-0.440084853309431,False,False,True,False,False,False,False,False,False,True,False,True
223,86,0.7828852368638283,0.46529623436624556,True,False,False,True,False,False,False,False,False,True,True,True
224,52,-0.2688571788823411,0.3260068362622954,False,True,False,False,False,False,False,False,False,False,True,False
225,45,-1.0201017615581764,-0.9972424457252319,False,False,False,False,True,False,False,True,False,False,False,True
226,72,0.18188957072316003,0.1867174381583451,False,False,True,False,False,False,False,False,True,False,True,True
227,57,-1.4708485111636775,-0.9972424457252319,True,False,False,True,False,False,True,False,False,False,True,True
228,68,0.18188957072316003,-0.30079545520548073,True,False,False,False,False,False,False,False,False,True,False,True
229,88,1.9097521108775812,1.788545516353773,False,False,True,False,False,False,False,False,True,False,True,False
230,76,-0.4191060954175082,-0.1615060571015305,True,False,False,True,False,False,False,False,True,False,True,True
231,46,-1.9967197190367623,-1.8329788343489333,True,False,True,False,False,False,False,False,False,False,True,True
232,67,1.2336319864693295,1.0224538267820464,False,True,False,False,False,True,False,False,False,False,True,True
233,92,1.3087564447369129,0.6742303315221709,True,False,False,False,True,False,False,False,False,True,True,True
234,83,0.9331341533989953,1.0920985258340217,True,False,True,False,False,True,False,False,False,False,True,False
235,80,-1.0675827619988856e-15,0.047428040054394875,True,False,False,True,False,False,False,False,False,False,True,True
236,63,-0.2688571788823411,-0.09186135804955536,True,False,False,True,False,True,False,False,False,False,False,True
237,64,-1.0675827619988856e-15,0.39565153531427044,False,False,False,True,False,False,False,False,False,True,True,False
238,54,-1.3205995946285105,-1.2061765428811573,True,True,False,False,False,False,False,False,True,False,True,True
239,84,0.7828852368638283,0.8135197296261212,True,False,True,False,False,False,False,False,False,False,True,True
240,73,-0.11860826234717407,-0.1615060571015305,True,False,False,True,False,False,True,False,False,False,False,False
241,80,1.0082586116665788,1.0224538267820464,False,False,False,False,True,True,False,False,False,False,True,True
242,56,-1.3205995946285105,-0.9275977466732568,False,False,False,True,False,False,True,False,False,False,True,True
243,59,-1.3957240528960941,-1.7633341352969583,True,False,False,False,True,False,False,False,True,False,True,True
244,75,-1.0675827619988856e-15,0.047428040054394875,True,False,False,True,False,False,False,False,False,True,True,True
245,85,0.48238740379349415,0.1867174381583451,True,False,True,False,False,False,False,False,False,False,True,True
246,89,0.48238740379349415,0.39565153531427044,True,False,False,False,True,False,False,False,False,False,True,True
247,58,-1.0675827619988856e-15,-0.022216658997580244,False,True,False,False,False,False,True,False,False,False,True,False
248,65,-0.4191060954175082,-0.440084853309431,False,True,False,False,False,False,True,False,False,False,True,True
249,68,-0.7196039284878423,-1.066887144777207,True,False,True,False,False,False,True,False,False,False,True,True
250,47,-1.5459729694312612,-1.3454659409851075,True,False,False,False,False,False,False,False,False,True,True,False
251,71,1.0082586116665788,1.0224538267820464,False,False,False,True,False,False,False,False,True,False,False,True
252,60,0.031640654187992986,0.11707273910636999,False,True,False,False,False,False,False,False,False,True,True,False
253,80,0.7828852368638283,0.25636213721032025,True,False,False,True,False,False,False,True,False,False,True,True
254,54,-1.3205995946285105,-1.136531843829182,True,False,False,True,False,False,True,False,False,False,True,True
255,62,0.25701402899074355,0.11707273910636999,False,False,False,False,True,False,False,False,True,False,True,True
256,64,-1.0675827619988856e-15,-0.022216658997580244,False,False,True,False,False,False,False,False,False,False,False,True
257,78,0.5575118620610777,0.6045856324701958,True,False,True,False,False,False,False,False,False,False,True,False
258,70,0.40726294552591064,0.6742303315221709,False,True,False,False,False,False,False,False,True,False,True,True
259,65,0.8580096951314118,0.8831644286780963,False,False,True,False,False,False,False,True,False,False,False,False
260,64,-1.0675827619988856e-15,0.6045856324701958,False,False,True,False,False,False,False,False,False,True,False,False
261,79,-1.0675827619988856e-15,0.047428040054394875,True,False,True,False,False,False,False,False,False,False,True,False
262,44,-1.4708485111636775,-1.2061765428811573,False,False,True,False,False,False,False,False,False,True,False,True
263,99,1.7595031943424142,1.5099667201458724,False,False,False,False,True,False,True,False,False,False,True,True
264,76,0.25701402899074355,-0.022216658997580244,True,False,False,True,False,False,True,False,False,False,True,True
265,59,-1.0675827619988856e-15,-1.9026235334009085,True,False,False,True,False,False,False,False,False,True,False,True
266,63,0.40726294552591064,0.8831644286780963,False,False,True,False,False,True,False,False,False,False,True,True
267,69,0.18188957072316003,0.6045856324701958,False,False,False,True,False,False,True,False,False,False,True,True
268,88,1.6843787360748306,1.858190215405748,False,False,False,True,False,False,False,False,False,False,True,False
269,71,0.48238740379349415,0.11707273910636999,False,False,False,False,True,False,False,False,True,False,False,True
270,69,-0.4942305536850917,-0.509729552361406,True,False,True,False,False,True,False,False,False,False,True,True
271,58,-1.5459729694312612,-1.8329788343489333,True,False,True,False,False,False,False,False,True,False,True,True
272,47,-1.2454751363609269,-0.7186636495173314,False,False,False,True,False,False,False,False,False,False,False,True
273,65,0.031640654187992986,0.1867174381583451,False,False,False,True,False,False,False,False,True,False,True,True
274,88,1.1585075282017459,0.5349409334182207,True,True,False,False,False,False,False,False,True,False,True,False
275,83,-1.0675827619988856e-15,0.047428040054394875,True,False,True,False,False,False,False,False,False,False,True,True
276,85,1.6843787360748306,1.7189008173017977,False,False,True,False,False,False,False,False,False,True,True,False
277,59,-1.0675827619988856e-15,0.047428040054394875,False,False,False,False,True,False,False,False,False,False,True,False
278,65,1.2336319864693295,0.8135197296261212,False,False,True,False,False,False,False,False,False,True,False,True
279,73,-1.0201017615581764,-0.7883083485693065,True,True,False,False,False,True,False,False,False,False,False,True
280,53,-1.0675827619988856e-15,0.047428040054394875,True,False,False,True,False,False,False,False,False,False,True,True
281,45,-1.0675827619988856e-15,-1.5544000381410328,True,False,False,True,False,False,True,False,False,False,True,True
282,73,0.7077607785962448,1.0920985258340217,False,False,False,True,False,True,False,False,False,False,False,True
283,70,0.6326363203286612,0.6742303315221709,False,False,False,True,False,False,False,False,True,False,False,False
284,37,-1.7713463442340116,-1.5544000381410328,False,True,False,False,False,False,False,False,False,True,True,True
285,81,0.9331341533989953,0.9528091277300714,True,True,False,False,False,False,False,False,False,False,True,False
286,97,0.9331341533989953,1.3706773220419222,True,False,False,False,True,False,False,False,False,False,True,False
287,67,1.45900536127208,0.9528091277300714,False,True,False,False,False,False,False,False,False,True,True,True
288,88,0.40726294552591064,0.5349409334182207,True,True,False,False,False,True,False,False,False,False,False,True
289,77,-1.0675827619988856e-15,0.047428040054394875,True,False,False,False,True,False,False,False,False,False,True,False
290,76,0.031640654187992986,-0.022216658997580244,True,False,True,False,False,False,False,False,False,False,True,True
291,86,0.25701402899074355,0.11707273910636999,True,False,False,True,False,False,False,False,False,True,True,True
292,63,-1.0675827619988856e-15,0.047428040054394875,True,False,True,False,False,False,False,False,False,False,True,False
293,65,0.25701402899074355,0.46529623436624556,False,False,False,False,True,True,False,False,False,False,True,True
294,78,-1.0675827619988856e-15,0.8135197296261212,True,False,False,True,False,False,True,False,False,False,False,False
295,67,-0.5693550119526752,-0.5793742514133812,True,True,False,False,False,False,False,False,False,False,False,True
296,46,-1.0675827619988856e-15,0.047428040054394875,True,False,False,False,False,False,False,False,False,False,True,False
297,71,0.33213848725832706,-0.022216658997580244,True,False,False,False,True,False,False,False,False,False,True,False
298,40,-1.7713463442340116,-1.2758212419331323,True,False,True,False,False,False,True,False,False,False,False,False
299,90,-1.0675827619988856e-15,0.047428040054394875,True,False,False,True,False,False,False,False,False,False,False,True
300,81,0.6326363203286612,0.8831644286780963,True,False,False,False,False,False,False,False,True,False,False,False
301,56,-1.1703506780933435,-1.136531843829182,True,False,False,True,False,False,False,False,False,True,False,True
302,67,1.0833830699341624,0.8831644286780963,False,False,True,False,False,False,False,False,False,False,True,False
303,80,0.48238740379349415,-0.30079545520548073,True,True,False,False,False,False,False,False,False,False,True,True
304,74,0.40726294552591064,1.0224538267820464,False,False,True,False,False,False,False,False,False,False,True,False
305,69,-0.1937327206147576,0.047428040054394875,True,False,False,False,False,False,False,False,True,False,True,True
306,99,1.3087564447369129,0.8831644286780963,True,False,False,False,True,False,False,False,True,False,True,False
307,51,-1.0675827619988856e-15,0.047428040054394875,True,False,True,False,False,False,False,False,False,False,True,True
308,53,0.10676511245557652,-0.09186135804955536,False,True,False,False,False,False,False,False,False,False,False,True
309,49,-0.9449773032905928,-1.136531843829182,False,False,False,True,False,False,True,False,False,False,False,True
310,73,0.48238740379349415,0.8135197296261212,False,True,False,False,False,False,False,False,False,False,True,True
311,66,-0.7196039284878423,-0.7883083485693065,True,True,False,False,False,True,False,False,False,False,True,True
312,67,-1.0675827619988856e-15,0.047428040054394875,True,False,False,True,False,False,False,False,False,False,True,False
313,68,-0.1937327206147576,0.047428040054394875,False,False,True,False,False,False,False,False,False,False,False,False
314,59,-0.4191060954175082,0.46529623436624556,False,False,True,False,False,True,False,False,False,False,True,False
315,71,-0.2688571788823411,-0.2311507561535056,True,False,True,False,False,False,True,False,False,False,True,True
316,77,0.9331341533989953,1.5796114191978474,False,False,False,True,False,False,False,True,False,False,True,False
317,83,0.18188957072316003,0.6742303315221709,True,False,True,False,False,False,False,False,False,False,True,True
318,63,-1.0675827619988856e-15,0.047428040054394875,True,True,False,False,False,False,False,False,False,False,True,True
319,56,-1.0675827619988856e-15,0.047428040054394875,False,False,False,True,False,False,False,False,False,False,False,True
320,67,0.7077607785962448,1.0920985258340217,False,False,True,False,False,False,True,False,False,False,False,False
321,75,-1.0675827619988856e-15,0.7438750305741461,False,False,False,False,True,False,True,False,False,False,True,True
322,71,0.8580096951314118,0.8135197296261212,False,False,True,False,False,False,False,False,True,False,True,True
323,43,-1.2454751363609269,-1.066887144777207,False,False,True,False,False,False,False,False,False,True,False,True
324,41,-1.7713463442340116,-1.7633341352969583,False,False,True,False,False,False,True,False,False,False,False,True
325,82,1.5341298195396635,1.788545516353773,False,False,True,False,False,False,False,False,True,False,True,True
326,61,-0.6444794702202588,-0.440084853309431,True,False,True,False,False,False,False,False,True,False,True,True
327,28,-1.0675827619988856e-15,0.047428040054394875,True,False,False,False,False,False,False,False,False,False,False,True
328,82,-1.0675827619988856e-15,0.047428040054394875,True,False,True,False,False,False,False,False,False,False,True,False
329,41,-1.0952262198257599,-1.2061765428811573,False,True,False,False,False,False,False,False,False,True,True,True
330,71,-0.7196039284878423,-0.509729552361406,True,False,True,False,False,False,True,False,False,False,True,True
331,47,-2.4474664686422636,-2.320491727712759,True,False,True,False,False,False,False,False,False,False,True,True
332,62,-1.0201017615581764,-1.066887144777207,True,False,False,False,True,False,False,False,False,False,True,False
333,90,0.6326363203286612,0.8831644286780963,True,True,False,False,False,False,False,False,False,False,True,True
334,83,1.7595031943424142,1.858190215405748,False,False,True,False,False,True,False,False,False,False,True,True
335,61,-0.11860826234717407,-0.1615060571015305,False,True,False,False,False,False,False,False,True,False,False,True
336,76,0.031640654187992986,0.047428040054394875,True,False,False,True,False,False,False,False,False,True,True,False
337,49,-1.3957240528960941,-1.7633341352969583,True,False,True,False,False,False,False,False,False,False,True,True
338,24,-2.37234201037468,-2.87764932012856,False,True,False,False,False,False,False,False,False,True,False,True
339,35,-1.0952262198257599,-0.5793742514133812,False,False,False,True,False,False,False,False,False,True,False,False
340,58,-0.6444794702202588,-1.136531843829182,True,False,True,False,False,False,True,False,False,False,False,True
341,61,0.25701402899074355,-0.37044015425745586,False,False,True,False,False,False,True,False,False,False,True,True
342,69,0.48238740379349415,0.39565153531427044,False,True,False,False,False,False,True,False,False,False,True,False
343,67,0.18188957072316003,-0.09186135804955536,True,False,False,True,False,False,False,False,False,False,True,False
344,79,0.25701402899074355,-0.09186135804955536,True,False,False,True,False,False,False,False,True,False,True,True
345,72,0.7828852368638283,0.46529623436624556,False,False,True,False,False,False,True,False,False,False,True,True
346,62,-1.0675827619988856e-15,0.047428040054394875,True,True,False,False,False,False,False,False,False,False,True,True
347,77,1.8346276526099976,1.858190215405748,False,False,True,False,False,True,False,False,False,False,True,False
348,75,0.33213848725832706,-0.1615060571015305,True,False,False,True,False,False,True,False,False,False,False,True
349,87,0.33213848725832706,0.5349409334182207,True,False,False,False,True,False,False,False,False,False,True,True
350,52,-0.34398163714992464,0.047428040054394875,False,True,False,False,False,True,False,False,False,False,True,True
351,66,-1.0675827619988856e-15,-1.136531843829182,True,False,False,False,True,False,False,False,True,False,True,True
352,63,0.6326363203286612,0.8135197296261212,False,False,True,False,False,False,False,False,True,False,True,False
353,46,-0.8698528450230093,-0.7883083485693065,False,False,True,False,False,False,False,False,False,False,True,True
354,59,0.10676511245557652,0.11707273910636999,False,False,True,False,False,False,False,False,True,False,True,True
355,61,0.18188957072316003,0.11707273910636999,False,True,False,False,False,True,False,False,False,False,True,True
356,63,-0.6444794702202588,-0.509729552361406,True,False,False,False,False,False,False,False,False,False,True,True
357,42,-0.2688571788823411,0.047428040054394875,False,False,True,False,False,False,False,False,True,False,False,False
358,59,-0.5693550119526752,-0.509729552361406,True,False,False,True,False,False,False,False,True,False,False,True
359,80,1.5341298195396635,1.4403220210938972,False,False,False,True,False,False,False,False,True,False,True,True
360,58,-0.5693550119526752,-0.6490189504653563,False,True,False,False,False,False,True,False,False,False,True,True
361,85,1.0833830699341624,0.6742303315221709,True,True,False,False,False,False,False,False,False,True,True,False
362,52,-0.8698528450230093,-0.7186636495173314,False,False,True,False,False,False,False,False,True,False,True,True
363,27,-2.672839843445014,-2.5294258248686847,False,False,False,True,False,False,False,False,False,True,False,True
364,59,-0.7196039284878423,-0.7186636495173314,True,False,True,False,False,False,False,False,True,False,True,True
365,49,-0.8698528450230093,-0.5793742514133812,True,False,False,False,False,True,False,False,False,False,False,False
366,69,-0.8698528450230093,-1.066887144777207,True,False,True,False,False,False,True,False,False,False,True,False
367,61,-0.2688571788823411,-0.509729552361406,True,False,True,False,False,True,False,False,False,False,False,True
368,44,-0.4191060954175082,-0.7186636495173314,False,False,False,False,False,False,False,False,False,True,False,True
369,73,1.0833830699341624,1.1617432248859967,False,False,False,True,False,False,False,False,False,True,True,True
370,84,-1.0675827619988856e-15,0.047428040054394875,True,False,False,False,True,False,False,False,False,False,True,True
371,45,-1.0675827619988856e-15,0.047428040054394875,False,False,True,False,False,False,False,False,False,False,False,False
372,74,0.33213848725832706,0.25636213721032025,True,False,False,True,False,False,False,False,False,True,True,True
373,82,2.0600010274127483,1.9278349144577231,False,False,False,True,False,False,False,False,True,False,True,False
374,59,0.031640654187992986,0.3260068362622954,False,False,False,True,False,True,False,False,False,False,True,True
375,46,-1.9967197190367623,-1.9026235334009085,True,False,False,False,True,False,False,False,False,False,False,True
376,80,1.5341298195396635,0.9528091277300714,False,False,False,True,False,False,False,False,False,True,True,True
377,85,1.9097521108775812,2.2064137106656236,False,False,False,True,False,False,False,True,False,False,False,False
378,71,1.0082586116665788,0.6045856324701958,False,False,False,False,False,False,False,False,False,True,True,True
379,66,-0.4191060954175082,-0.440084853309431,True,False,False,False,False,True,False,False,False,False,True,True
380,80,1.2336319864693295,1.0224538267820464,False,True,False,False,False,False,False,False,False,False,True,True
381,87,2.2853744022154987,1.858190215405748,True,False,True,False,False,False,False,False,False,False,True,False
382,79,-1.0675827619988856e-15,0.1867174381583451,True,False,True,False,False,False,False,False,False,False,False,True
383,38,-1.5459729694312612,-1.624044737193008,False,False,False,False,True,False,False,False,False,True,False,True
384,38,-1.9967197190367623,-1.7633341352969583,False,False,False,False,False,False,False,False,False,True,False,True
385,67,0.48238740379349415,0.46529623436624556,False,False,False,False,True,False,False,False,True,False,True,True
386,64,0.25701402899074355,0.11707273910636999,False,False,False,False,True,True,False,False,False,False,True,True
387,57,0.6326363203286612,-0.09186135804955536,False,False,True,False,False,False,False,False,False,False,False,True
388,62,-0.4191060954175082,-0.30079545520548073,False,False,False,True,False,False,True,False,False,False,True,True
389,73,0.031640654187992986,0.46529623436624556,True,False,False,True,False,False,False,True,False,False,True,True
390,73,-0.1937327206147576,-0.6490189504653563,True,False,False,False,True,False,False,False,False,True,False,False
391,77,-0.11860826234717407,0.6045856324701958,False,False,False,True,False,False,False,False,True,False,True,True
392,76,-0.1937327206147576,-0.09186135804955536,True,False,False,False,True,False,False,False,True,False,True,True
393,57,-1.1703506780933435,-0.8579530476212817,True,False,True,False,False,False,False,False,False,False,True,False
394,65,0.33213848725832706,0.6045856324701958,False,False,True,False,False,False,False,False,False,True,True,False
395,48,-1.8464708025015952,-1.9026235334009085,True,False,False,False,False,False,True,False,False,False,False,True
396,50,-0.1937327206147576,-0.37044015425745586,False,True,False,False,False,False,True,False,False,False,False,True
397,85,1.45900536127208,1.858190215405748,False,False,True,False,False,False,False,False,False,False,True,True
398,74,-0.4942305536850917,-0.7883083485693065,True,True,False,False,False,False,False,False,False,True,True,True
399,60,-0.7947283867554258,-0.9972424457252319,True,False,False,True,False,False,False,False,False,True,True,True
400,59,-1.1703506780933435,-0.09186135804955536,False,False,True,False,False,False,False,False,False,True,True,False
401,53,-1.9967197190367623,-1.7633341352969583,True,False,False,False,False,False,False,False,True,False,True,True
402,49,-0.34398163714992464,-0.9275977466732568,False,False,False,False,False,False,False,False,True,False,False,True
403,88,2.210249943947915,2.2064137106656236,False,False,False,True,False,False,True,False,False,False,True,False
404,54,-0.7947283867554258,-0.440084853309431,False,False,True,False,False,False,True,False,False,False,True,True
405,63,0.25701402899074355,-0.022216658997580244,False,False,True,False,False,False,False,False,False,True,True,True
406,65,-0.34398163714992464,-0.37044015425745586,True,True,False,False,False,False,False,False,False,False,True,False
407,82,0.7828852368638283,0.6045856324701958,False,True,False,False,False,False,False,False,False,False,True,True
408,52,-0.9449773032905928,-0.8579530476212817,False,False,False,True,False,False,True,False,False,False,False,False
409,87,1.0833830699341624,1.1617432248859967,True,False,False,True,False,False,False,False,False,False,True,False
410,70,0.10676511245557652,0.39565153531427044,False,False,False,True,False,False,False,True,False,False,True,False
411,84,-1.0675827619988856e-15,0.047428040054394875,True,False,False,False,True,False,False,False,False,False,True,False
412,71,-0.2688571788823411,-0.5793742514133812,True,False,False,True,False,False,False,False,False,False,True,True
413,63,-0.1937327206147576,-0.09186135804955536,True,True,False,False,False,False,False,False,False,True,True,False
414,51,0.18188957072316003,0.7438750305741461,False,False,True,False,False,True,False,False,False,False,False,False
415,84,0.25701402899074355,0.047428040054394875,True,False,False,False,True,False,True,False,False,False,True,True
416,71,0.33213848725832706,-0.022216658997580244,True,False,True,False,False,True,False,False,False,False,True,False
417,74,0.25701402899074355,-0.09186135804955536,True,False,True,False,False,False,False,False,False,False,True,True
418,68,-0.7947283867554258,-0.440084853309431,True,False,False,True,False,False,False,False,True,False,True,True
419,57,-1.0201017615581764,-0.9972424457252319,True,False,False,False,True,False,True,False,False,False,False,False
420,82,1.7595031943424142,1.7189008173017977,False,False,True,False,False,False,False,False,False,False,False,False
421,57,-0.8698528450230093,-0.30079545520548073,False,False,False,True,False,False,True,False,False,False,True,False
422,47,-0.8698528450230093,-0.09186135804955536,False,False,False,True,False,False,False,True,False,False,False,False
423,59,1.1585075282017459,0.8135197296261212,False,False,False,False,False,False,False,False,False,True,True,False
424,41,-2.2972175521070963,-2.3901364267647343,True,True,False,False,False,False,False,False,True,False,False,True
425,62,-1.0675827619988856e-15,-0.440084853309431,False,False,True,False,False,False,False,False,True,False,False,True
426,86,1.0082586116665788,1.231387923937972,True,False,True,False,False,True,False,False,False,False,True,True
427,69,0.10676511245557652,-0.2311507561535056,True,False,True,False,False,False,False,False,False,True,False,True
428,65,-0.7947283867554258,-1.066887144777207,True,False,False,False,False,False,False,False,False,True,False,True
429,68,-0.4942305536850917,-0.9972424457252319,True,False,True,False,False,False,False,False,False,True,False,True
430,64,-0.2688571788823411,-0.6490189504653563,True,False,True,False,False,False,False,False,False,False,False,True
431,61,0.18188957072316003,0.11707273910636999,False,False,True,False,False,False,True,False,False,False,True,True
432,61,-1.0675827619988856e-15,-0.9275977466732568,True,False,True,False,False,False,True,False,False,False,True,True
433,47,-0.7947283867554258,-1.2758212419331323,False,False,False,False,False,False,False,False,False,True,False,True
434,73,-0.2688571788823411,-0.1615060571015305,True,False,True,False,False,False,False,False,False,True,True,True
435,50,-1.6210974276988446,-1.066887144777207,True,False,True,False,False,False,False,False,True,False,False,False
436,75,-1.0675827619988856e-15,-0.30079545520548073,True,False,False,True,False,False,False,False,False,False,True,True
437,75,-0.2688571788823411,0.3260068362622954,True,False,False,True,False,False,False,False,False,False,False,True
438,70,-1.0201017615581764,-1.2061765428811573,True,False,True,False,False,False,True,False,False,False,True,True
439,89,-1.0675827619988856e-15,0.047428040054394875,True,False,False,True,False,False,False,False,False,False,True,False
440,67,0.8580096951314118,0.7438750305741461,False,False,True,False,False,False,False,False,True,False,True,False
441,78,0.8580096951314118,0.8135197296261212,False,False,False,True,False,False,True,False,False,False,True,True
442,59,0.25701402899074355,0.047428040054394875,False,False,False,False,False,False,False,False,False,True,False,True
443,73,1.0082586116665788,0.5349409334182207,False,True,False,False,False,False,False,False,False,False,True,True
444,79,0.9331341533989953,0.3260068362622954,True,False,False,False,False,False,False,False,False,True,False,True
445,67,-1.0675827619988856e-15,0.6045856324701958,False,False,True,False,False,False,False,False,False,True,True,False
446,69,-0.2688571788823411,-0.5793742514133812,True,False,False,True,False,False,False,False,True,False,False,True
447,86,0.8580096951314118,0.8135197296261212,True,False,True,False,False,False,True,False,False,False,True,False
448,47,-1.7713463442340116,-1.8329788343489333,True,True,False,False,False,False,True,False,False,False,True,True
449,81,0.25701402899074355,0.25636213721032025,True,True,False,False,False,False,False,False,False,False,True,True
450,64,1.1585075282017459,1.1617432248859967,False,False,True,False,False,False,False,False,True,False,False,False
451,100,-1.0675827619988856e-15,1.9974796135096982,False,False,False,False,True,False,False,False,False,False,True,True
452,65,0.5575118620610777,0.39565153531427044,False,False,True,False,False,False,False,False,False,False,False,True
453,65,-0.8698528450230093,-1.3454659409851075,True,False,True,False,False,False,False,False,True,False,False,True
454,53,-0.6444794702202588,-0.440084853309431,False,False,True,False,False,False,False,False,False,False,False,True
455,37,-1.0201017615581764,-1.4847553390890578,True,False,True,False,False,True,False,False,False,False,False,True
456,79,1.45900536127208,1.4403220210938972,False,False,False,True,False,True,False,False,False,False,True,True
457,53,-1.1703506780933435,-1.4151106400370825,True,False,False,True,False,False,False,False,False,False,False,True
458,100,2.2853744022154987,2.2064137106656236,False,False,False,False,True,True,False,False,False,False,True,True
459,72,-0.34398163714992464,-0.022216658997580244,True,True,False,False,False,False,True,False,False,False,True,False
460,53,-0.8698528450230093,-0.9275977466732568,True,False,True,False,False,True,False,False,False,False,False,True
461,54,-1.1703506780933435,-1.624044737193008,True,True,False,False,False,False,False,False,True,False,False,True
462,71,0.031640654187992986,0.5349409334182207,False,False,False,False,True,False,False,False,True,False,True,True
463,77,1.5341298195396635,1.5796114191978474,False,False,True,False,False,False,False,False,True,False,False,True
464,75,-0.8698528450230093,-0.440084853309431,True,False,False,False,False,True,False,False,False,False,True,False
465,84,1.3087564447369129,1.5796114191978474,False,False,True,False,False,False,False,False,True,False,True,True
466,26,-2.8982132182477645,-2.1115576305568338,False,False,False,True,False,False,False,False,False,False,False,True
467,72,-0.1937327206147576,-0.2311507561535056,True,False,False,False,False,False,True,False,False,False,False,False
468,77,1.3838809030044965,1.1617432248859967,False,False,False,False,False,False,True,False,False,False,False,False
469,91,0.33213848725832706,0.5349409334182207,True,False,True,False,False,False,False,False,True,False,True,True
470,83,1.1585075282017459,1.5099667201458724,False,False,True,False,False,False,False,False,False,False,True,False
471,63,-0.04348380407959054,0.39565153531427044,False,False,True,False,False,False,True,False,False,False,True,True
472,68,1.2336319864693295,1.0920985258340217,False,False,True,False,False,False,False,False,False,False,True,False
473,59,-0.1937327206147576,-0.509729552361406,False,False,False,True,False,False,False,False,False,True,True,True
474,90,1.5341298195396635,1.5796114191978474,False,True,False,False,False,False,False,False,False,False,True,False
475,71,0.48238740379349415,1.0224538267820464,False,False,False,True,False,True,False,False,False,False,True,False
476,76,-0.5693550119526752,-0.1615060571015305,True,False,False,False,True,True,False,False,False,False,True,False
477,80,-0.11860826234717407,0.25636213721032025,True,False,False,True,False,False,False,False,False,False,True,True
478,55,-0.4191060954175082,0.11707273910636999,False,False,False,True,False,False,False,True,False,False,True,True
479,76,0.10676511245557652,-0.09186135804955536,True,False,False,False,True,False,False,False,False,False,True,True
480,73,0.10676511245557652,-0.022216658997580244,True,True,False,False,False,False,True,False,False,False,True,False
481,52,-0.7947283867554258,-0.8579530476212817,False,False,False,True,False,False,False,False,False,False,False,True
482,68,-0.11860826234717407,-0.509729552361406,True,False,True,False,False,False,False,False,True,False,False,True
483,59,-1.3205995946285105,-1.5544000381410328,True,False,False,False,False,False,True,False,False,False,True,True
484,49,-1.3205995946285105,-0.9972424457252319,False,True,False,False,False,False,False,False,False,False,True,True
485,70,0.33213848725832706,0.1867174381583451,True,False,True,False,False,False,True,False,False,False,True,True
486,61,-1.6962218859664282,-0.8579530476212817,True,False,False,True,False,False,False,False,True,False,False,True
487,60,0.40726294552591064,0.39565153531427044,False,False,True,False,False,False,False,False,False,False,False,True
488,64,-1.2454751363609269,-0.7883083485693065,True,True,False,False,False,False,False,False,False,True,True,False
489,79,0.9331341533989953,0.9528091277300714,True,False,False,False,False,False,False,False,False,False,False,False
490,65,1.1585075282017459,0.5349409334182207,False,False,False,False,False,False,False,False,False,False,False,True
491,64,-0.4191060954175082,0.11707273910636999,False,False,True,False,False,False,False,False,False,False,True,True
492,83,1.0082586116665788,1.5099667201458724,False,False,True,False,False,False,False,False,True,False,True,True
493,81,-1.0675827619988856e-15,0.047428040054394875,False,False,True,False,False,False,False,False,False,False,True,True
494,54,-0.4191060954175082,-0.022216658997580244,False,True,False,False,False,False,True,False,False,False,True,True
495,68,-0.4191060954175082,-0.1615060571015305,True,False,False,True,False,False,True,False,False,False,True,False
496,54,-1.6210974276988446,-1.136531843829182,False,False,True,False,False,False,False,False,True,False,True,True
497,59,0.6326363203286612,0.5349409334182207,False,False,False,True,False,False,False,False,True,False,False,False
498,66,-0.04348380407959054,-0.022216658997580244,False,True,False,False,False,False,False,False,False,True,True,True
499,76,-1.0675827619988856e-15,0.047428040054394875,True,False,False,False,True,False,False,False,False,False,True,True
500,74,0.7077607785962448,0.9528091277300714,False,False,False,True,False,False,False,True,False,False,True,True
501,94,1.3087564447369129,1.6492561182498227,False,True,False,False,False,False,False,False,False,False,True,False
502,63,-0.6444794702202588,-0.9972424457252319,True,False,True,False,False,False,False,False,True,False,False,True
503,95,1.45900536127208,1.6492561182498227,False,False,False,False,True,False,False,False,False,False,True,False
504,40,-0.7947283867554258,-0.9972424457252319,False,False,False,True,False,False,False,True,False,False,False,True
505,82,0.9331341533989953,0.8135197296261212,False,True,False,False,False,False,False,False,False,True,True,True
506,68,0.031640654187992986,-0.1615060571015305,True,False,False,False,False,False,True,False,False,False,True,True
507,55,-0.7947283867554258,-0.9972424457252319,True,True,False,False,False,True,False,False,False,False,False,True
508,79,0.6326363203286612,0.6045856324701958,True,False,True,False,False,False,False,True,False,False,True,True
509,86,1.6843787360748306,1.301032622989947,False,False,True,False,False,True,False,False,False,False,True,True
510,76,0.10676511245557652,0.3260068362622954,True,False,False,True,False,False,False,False,True,False,True,True
511,64,-1.4708485111636775,-1.7633341352969583,True,False,False,False,False,False,False,False,False,True,True,True
512,62,-1.5459729694312612,-1.136531843829182,True,False,False,True,False,False,False,False,False,True,False,True
513,54,-1.0675827619988856e-15,0.047428040054394875,False,True,False,False,False,False,False,False,False,False,True,False
514,77,2.0600010274127483,1.788545516353773,False,True,False,False,False,False,False,True,False,False,False,False
515,76,1.3087564447369129,1.1617432248859967,False,False,True,False,False,False,False,False,False,True,True,False
516,74,1.45900536127208,1.0920985258340217,False,False,False,True,False,False,False,False,True,False,True,True
517,66,0.33213848725832706,0.3260068362622954,False,False,False,False,True,False,False,False,True,False,True,False
518,66,0.6326363203286612,0.6742303315221709,False,False,False,True,False,False,False,False,False,True,True,False
519,67,0.6326363203286612,0.7438750305741461,False,True,False,False,False,False,True,False,False,False,False,False
520,71,-1.5459729694312612,-1.136531843829182,True,False,False,True,False,False,False,False,True,False,True,True
521,91,-1.0675827619988856e-15,0.047428040054394875,False,False,True,False,False,False,False,False,False,False,True,True
522,69,-1.0675827619988856e-15,-0.7883083485693065,True,False,False,True,False,False,False,False,False,False,True,True
523,54,-0.7947283867554258,-1.2758212419331323,True,False,True,False,False,False,False,True,False,False,False,True
524,53,-1.3205995946285105,-1.3454659409851075,True,False,True,False,False,False,True,False,False,False,True,False
525,68,-0.7196039284878423,-0.6490189504653563,True,False,False,False,True,False,False,False,True,False,True,True
526,56,-0.6444794702202588,-0.5793742514133812,True,False,True,False,False,False,False,False,False,True,False,False
527,36,-1.0675827619988856e-15,0.047428040054394875,False,False,True,False,False,False,False,False,False,False,False,True
528,29,-1.0675827619988856e-15,-1.4847553390890578,False,False,False,True,False,True,False,False,False,False,False,True
529,62,-1.0675827619988856e-15,0.11707273910636999,False,False,True,False,False,False,False,False,False,False,True,True
530,68,-0.1937327206147576,0.3260068362622954,False,False,True,False,False,False,False,False,False,False,True,False
531,47,-1.1703506780933435,-1.066887144777207,False,False,True,False,False,False,False,False,False,True,True,True
532,62,-0.6444794702202588,-0.7186636495173314,True,False,False,False,True,False,False,False,False,False,True,False
533,79,1.3838809030044965,1.788545516353773,False,False,False,False,True,False,False,False,False,False,True,False
534,73,-1.0675827619988856e-15,-0.022216658997580244,True,True,False,False,False,False,True,False,False,False,True,False
535,66,1.0082586116665788,1.0224538267820464,False,False,True,False,False,True,False,False,False,False,False,False
536,51,-0.7196039284878423,-0.7186636495173314,True,False,True,False,False,False,False,False,False,False,True,False
537,51,-0.2688571788823411,-0.440084853309431,False,False,False,True,False,False,True,False,False,False,True,True
538,85,-0.2688571788823411,0.1867174381583451,True,False,False,False,True,True,False,False,False,False,True,False
539,97,1.6843787360748306,1.231387923937972,True,False,False,False,False,False,False,False,False,False,True,False
540,75,-0.04348380407959054,-0.022216658997580244,True,False,True,False,False,False,True,False,False,False,True,False
541,79,0.9331341533989953,0.8135197296261212,True,False,False,True,False,False,False,False,False,False,False,False
542,81,-1.0675827619988856e-15,0.047428040054394875,False,False,True,False,False,False,False,False,False,False,True,True
543,82,-1.0675827619988856e-15,0.047428040054394875,False,False,False,True,False,False,False,False,False,False,True,True
544,64,-0.4942305536850917,-0.1615060571015305,False,False,False,True,False,False,False,True,False,False,True,True
545,78,1.0082586116665788,0.8135197296261212,True,False,False,False,True,False,False,False,False,True,False,False
546,92,2.2853744022154987,1.9974796135096982,False,False,False,False,False,False,False,False,False,True,True,False
547,72,-0.1937327206147576,-0.30079545520548073,True,False,True,False,False,False,True,False,False,False,True,False
548,62,-1.0675827619988856e-15,0.047428040054394875,False,False,True,False,False,False,False,False,False,False,False,True
549,79,-1.0675827619988856e-15,0.047428040054394875,True,False,True,False,False,False,False,False,False,False,True,True
550,79,0.48238740379349415,-0.2311507561535056,True,False,True,False,False,False,False,False,False,True,False,True
551,87,1.5341298195396635,1.3706773220419222,True,True,False,False,False,True,False,False,False,False,False,False
552,40,-1.6210974276988446,-1.2758212419331323,False,True,False,False,False,False,False,False,False,False,True,True
553,77,-0.5693550119526752,-0.30079545520548073,True,False,False,True,False,False,False,False,True,False,False,True
554,53,-1.0675827619988856e-15,-1.9722682324528835,True,False,False,False,True,False,False,False,False,False,True,True
555,32,-2.2972175521070963,-2.4597811258167095,False,False,True,False,False,False,False,False,True,False,False,True
556,55,0.18188957072316003,0.7438750305741461,False,False,True,False,False,False,False,False,False,False,True,False
557,61,-0.1937327206147576,-0.1615060571015305,True,False,True,False,False,False,False,True,False,False,False,True
558,53,0.031640654187992986,0.11707273910636999,False,True,False,False,False,False,False,False,False,False,False,True
559,73,-1.0675827619988856e-15,-0.440084853309431,True,False,False,True,False,False,False,False,False,True,True,True
560,74,0.40726294552591064,0.7438750305741461,False,False,False,True,False,False,False,False,True,False,True,False
561,63,0.33213848725832706,0.39565153531427044,False,False,True,False,False,False,False,False,True,False,True,True
562,96,1.5341298195396635,1.6492561182498227,True,False,True,False,False,True,False,False,False,False,True,False
563,63,0.7828852368638283,0.8135197296261212,False,False,False,True,False,False,False,False,True,False,False,False
564,48,-1.3957240528960941,-1.5544000381410328,True,True,False,False,False,True,False,False,False,False,False,True
565,48,-1.9967197190367623,-1.624044737193008,True,True,False,False,False,False,False,False,False,False,True,True
566,92,2.2853744022154987,2.2064137106656236,False,False,False,False,True,True,False,False,False,False,False,False
567,61,0.10676511245557652,0.6742303315221709,False,False,False,True,False,False,False,True,False,False,False,False
568,63,-1.6210974276988446,-1.4847553390890578,True,True,False,False,False,False,True,False,False,False,False,True
569,68,-0.11860826234717407,-0.09186135804955536,True,False,False,True,False,True,False,False,False,False,False,True
570,71,-1.0675827619988856e-15,0.047428040054394875,True,True,False,False,False,False,False,False,False,False,True,False
571,91,1.9848765691451646,1.6492561182498227,True,False,False,False,False,True,False,False,False,False,True,True
572,53,-0.5693550119526752,-0.8579530476212817,False,False,True,False,False,False,False,False,True,False,True,True
573,50,-0.2688571788823411,-0.30079545520548073,False,False,True,False,False,False,True,False,False,False,False,False
574,74,0.8580096951314118,0.1867174381583451,False,False,False,False,True,False,True,False,False,False,True,True
575,40,-1.0952262198257599,-1.066887144777207,True,False,False,False,False,False,False,False,False,False,False,False
576,61,-1.3957240528960941,-1.136531843829182,True,False,False,False,False,False,False,False,True,False,True,False
577,81,1.609254277807247,1.4403220210938972,False,True,False,False,False,False,True,False,False,False,True,True
578,48,-1.0675827619988856e-15,0.047428040054394875,False,True,False,False,False,False,False,False,False,False,False,False
579,53,-0.6444794702202588,-0.022216658997580244,False,False,False,True,False,False,False,True,False,False,True,True
580,81,2.0600010274127483,1.9278349144577231,False,False,False,True,False,False,False,False,False,True,True,True
581,77,0.7077607785962448,0.8135197296261212,False,False,False,False,True,False,False,False,False,True,True,True
582,63,0.25701402899074355,0.6742303315221709,False,False,False,True,False,True,False,False,False,False,False,True
583,73,-1.0675827619988856e-15,0.8135197296261212,False,False,False,True,False,False,False,False,False,False,True,False
584,69,-1.0675827619988856e-15,0.047428040054394875,False,False,False,True,False,False,False,False,False,False,True,True
585,65,0.48238740379349415,0.5349409334182207,False,False,True,False,False,False,False,False,False,False,True,True
586,55,0.25701402899074355,0.3260068362622954,False,False,False,False,False,False,True,False,False,False,True,True
587,44,-0.4942305536850917,-0.440084853309431,False,False,True,False,False,True,False,False,False,False,False,True
588,54,-0.4191060954175082,-0.2311507561535056,False,False,True,False,False,False,False,False,True,False,True,True
589,48,-1.0675827619988856e-15,0.047428040054394875,False,False,False,False,False,False,False,False,False,False,True,True
590,58,-1.0675827619988856e-15,0.047428040054394875,True,False,True,False,False,False,False,False,False,False,False,True
591,71,-0.5693550119526752,-1.2758212419331323,True,False,False,False,False,False,False,False,False,True,True,True
592,68,-0.11860826234717407,-0.30079545520548073,True,False,False,False,True,True,False,False,False,False,True,True
593,74,0.48238740379349415,0.3260068362622954,False,False,False,False,True,False,True,False,False,False,True,True
594,92,2.2853744022154987,2.1367690116136484,False,False,True,False,False,True,False,False,False,False,True,False
595,56,0.7077607785962448,0.25636213721032025,False,False,True,False,False,True,False,False,False,False,True,False
596,30,-3.4240844261208494,-3.7133857087522615,True,True,False,False,False,False,True,False,False,False,False,True
597,53,-1.1703506780933435,-1.4151106400370825,True,False,False,False,False,False,False,False,False,True,True,True
598,69,0.5575118620610777,0.3260068362622954,False,False,False,True,False,False,True,False,False,False,True,True
599,65,-1.0675827619988856e-15,0.8831644286780963,False,False,False,True,False,False,False,False,False,True,True,True
600,54,-0.7196039284878423,-0.37044015425745586,False,False,False,True,False,False,False,True,False,False,True,True
601,29,-1.0675827619988856e-15,0.047428040054394875,False,False,True,False,False,False,False,False,False,False,True,True
602,76,0.6326363203286612,0.8135197296261212,False,False,False,False,True,False,False,False,True,False,True,True
603,60,-0.9449773032905928,-1.2061765428811573,True,False,False,True,False,False,True,False,False,False,False,True
604,84,-1.0675827619988856e-15,0.047428040054394875,True,False,False,True,False,False,False,False,False,False,False,False
605,75,0.18188957072316003,-0.440084853309431,True,False,True,False,False,False,False,False,False,True,True,True
606,85,1.0833830699341624,0.9528091277300714,False,False,True,False,False,False,False,False,False,False,True,True
607,40,-0.8698528450230093,-0.9972424457252319,False,False,True,False,False,False,False,True,False,False,False,True
608,61,-0.4191060954175082,-0.440084853309431,False,False,False,False,True,False,False,False,True,False,True,True
609,58,-0.4942305536850917,-0.2311507561535056,False,True,False,False,False,False,False,False,False,False,True,True
610,69,-0.7196039284878423,-0.37044015425745586,True,False,False,True,False,False,False,False,True,False,False,False
611,58,-0.7947283867554258,-0.1615060571015305,False,False,True,False,False,False,False,False,True,False,True,True
612,94,1.5341298195396635,1.5796114191978474,True,False,True,False,False,True,False,False,False,False,True,False
613,65,0.5575118620610777,0.39565153531427044,False,False,True,False,False,False,False,False,False,False,True,True
614,82,1.7595031943424142,1.7189008173017977,False,False,False,False,False,False,False,False,False,False,True,True
615,60,-0.11860826234717407,0.25636213721032025,False,False,True,False,False,False,True,False,False,False,True,True
616,37,-1.8464708025015952,-2.1115576305568338,False,False,False,False,True,True,False,False,False,False,True,True
617,88,-1.0675827619988856e-15,0.047428040054394875,True,False,False,True,False,False,False,False,False,False,True,True
618,95,0.8580096951314118,1.0920985258340217,True,False,False,True,False,False,False,True,False,False,True,True
619,65,0.25701402899074355,-0.022216658997580244,True,False,True,False,False,False,False,False,False,False,False,False
620,35,-0.6444794702202588,-0.9972424457252319,False,False,True,False,False,False,True,False,False,False,False,True
621,62,-1.0675827619988856e-15,0.047428040054394875,True,True,False,False,False,False,False,False,False,False,False,True
622,58,-1.3957240528960941,-1.136531843829182,True,False,True,False,False,False,True,False,False,False,False,False
623,100,1.9848765691451646,1.231387923937972,True,False,False,False,False,False,False,False,True,False,True,False
624,61,-0.8698528450230093,-0.440084853309431,False,False,False,False,True,True,False,False,False,False,False,True
625,100,2.0600010274127483,2.1367690116136484,True,False,False,True,False,False,False,False,True,False,True,False
626,69,-1.0675827619988856e-15,0.047428040054394875,True,True,False,False,False,False,False,False,False,False,False,False
627,61,-1.6210974276988446,-1.5544000381410328,True,False,False,True,False,False,False,False,False,False,True,True
628,49,-0.9449773032905928,-1.5544000381410328,True,False,False,True,False,False,False,False,True,False,False,True
629,44,-1.3957240528960941,-0.9275977466732568,False,False,True,False,False,False,False,False,False,True,True,False
630,67,-0.4191060954175082,0.11707273910636999,True,False,False,True,False,False,False,False,True,False,True,True
631,79,-0.7196039284878423,-0.2311507561535056,True,True,False,False,False,False,True,False,False,False,True,True
632,66,0.33213848725832706,0.8831644286780963,False,True,False,False,False,True,False,False,False,False,True,False
633,75,1.3838809030044965,1.1617432248859967,False,False,True,False,False,False,True,False,False,False,True,True
634,84,1.0833830699341624,0.8135197296261212,True,False,False,True,False,False,False,False,False,True,True,True
635,71,-1.0675827619988856e-15,-0.30079545520548073,True,False,False,False,False,False,True,False,False,False,True,True
636,67,-1.0675827619988856e-15,0.047428040054394875,False,True,False,False,False,False,False,False,False,False,False,False
637,80,1.6843787360748306,1.3706773220419222,False,False,False,True,False,False,False,False,False,True,True,False
638,86,0.48238740379349415,0.39565153531427044,True,False,False,False,True,False,False,False,True,False,True,True
639,76,0.33213848725832706,0.3260068362622954,False,False,False,True,False,False,False,False,False,False,True,True
640,41,-1.3205995946285105,-1.2061765428811573,True,False,False,True,False,False,True,False,False,False,True,True
641,74,1.3838809030044965,1.5099667201458724,False,False,False,True,False,False,False,False,False,False,False,False
642,72,0.8580096951314118,0.7438750305741461,False,True,False,False,False,False,False,False,False,True,False,True
643,74,0.7077607785962448,0.8135197296261212,False,False,False,False,True,False,True,False,False,False,True,False
644,70,-1.0675827619988856e-15,-0.5793742514133812,True,True,False,False,False,False,True,False,False,False,True,True
645,65,0.8580096951314118,0.8831644286780963,False,True,False,False,False,True,False,False,False,False,True,False
646,59,0.031640654187992986,-0.2311507561535056,False,False,False,True,False,False,False,False,False,False,True,True
647,64,-0.5693550119526752,-0.022216658997580244,False,False,False,False,True,False,True,False,False,False,False,True
648,50,-1.2454751363609269,-0.9275977466732568,False,True,False,False,False,False,True,False,False,False,True,True
649,69,0.7077607785962448,0.8831644286780963,False,False,False,True,False,False,False,False,True,False,True,False
650,51,-1.0201017615581764,-1.066887144777207,True,False,True,False,False,False,False,False,False,True,False,False
651,68,0.7828852368638283,0.5349409334182207,False,False,False,False,False,False,True,False,False,False,True,False
652,85,-1.0675827619988856e-15,0.047428040054394875,False,False,False,True,False,False,False,False,False,False,True,False
653,65,0.031640654187992986,0.39565153531427044,False,False,False,False,False,False,False,False,False,False,True,False
654,73,0.7077607785962448,0.7438750305741461,False,True,False,False,False,False,False,False,False,True,True,True
655,62,-0.1937327206147576,-0.09186135804955536,False,True,False,False,False,False,False,False,True,False,True,True
656,77,-0.1937327206147576,-0.30079545520548073,True,False,True,False,False,False,False,False,False,False,False,True
657,69,-0.2688571788823411,-0.509729552361406,True,False,False,True,False,False,False,False,False,True,True,True
658,43,-0.7196039284878423,-0.7186636495173314,False,False,False,True,False,False,False,False,False,False,False,True
659,90,1.3087564447369129,1.1617432248859967,True,False,False,True,False,False,False,False,False,False,True,True
660,74,-1.0675827619988856e-15,0.047428040054394875,True,False,True,False,False,False,False,False,False,False,False,True
661,73,-0.2688571788823411,-0.37044015425745586,True,False,True,False,False,False,False,False,False,True,True,True
662,55,-1.0675827619988856e-15,0.047428040054394875,False,False,False,True,False,False,False,False,False,False,False,True
663,65,-0.04348380407959054,-0.09186135804955536,False,False,True,False,False,False,True,False,False,False,True,True
664,80,-0.4942305536850917,-0.37044015425745586,True,False,False,True,False,False,False,False,False,False,True,True
665,50,-0.7196039284878423,-0.5793742514133812,False,False,True,False,False,False,False,False,False,True,False,False
666,63,0.25701402899074355,0.1867174381583451,False,False,True,False,False,False,False,False,True,False,False,False
667,77,1.1585075282017459,1.301032622989947,False,True,False,False,False,True,False,False,False,False,False,True
668,73,0.33213848725832706,-0.509729552361406,True,False,True,False,False,False,False,False,True,False,True,True
669,81,0.18188957072316003,0.6045856324701958,True,False,False,True,False,False,False,False,False,False,True,False
670,66,0.48238740379349415,-0.022216658997580244,False,False,True,False,False,False,True,False,False,False,False,True
671,52,-0.9449773032905928,-1.2758212419331323,True,False,False,True,False,False,False,False,False,False,False,True
672,69,0.6326363203286612,0.5349409334182207,False,False,True,False,False,False,False,False,True,False,True,True
673,65,1.0833830699341624,1.0920985258340217,False,False,True,False,False,False,False,False,False,False,True,False
674,69,0.5575118620610777,0.6742303315221709,False,False,False,True,False,False,True,False,False,False,True,False
675,50,-0.4191060954175082,-0.1615060571015305,False,True,False,False,False,False,False,False,True,False,True,False
676,73,0.6326363203286612,0.5349409334182207,False,False,False,False,True,False,False,False,True,False,True,False
677,70,0.9331341533989953,0.5349409334182207,False,False,True,False,False,False,False,False,False,True,True,False
678,81,-1.0675827619988856e-15,0.047428040054394875,True,False,False,True,False,False,False,False,False,False,False,True
679,63,-1.0675827619988856e-15,0.047428040054394875,True,False,False,True,False,False,False,False,False,False,False,True
680,67,0.18188957072316003,0.39565153531427044,False,False,False,True,False,False,True,False,False,False,True,True
681,60,-0.11860826234717407,-0.5793742514133812,True,True,False,False,False,False,True,False,False,False,True,True
682,62,-1.0952262198257599,-0.9972424457252319,True,True,False,False,False,False,True,False,False,False,True,True
683,29,-2.2220930938395127,-1.693689436244983,False,False,True,False,False,False,False,False,False,True,False,False
684,62,-0.2688571788823411,-0.022216658997580244,True,True,False,False,False,False,False,False,True,False,True,False
685,94,2.210249943947915,2.2064137106656236,False,False,False,False,True,False,False,True,False,False,True,False
686,85,0.40726294552591064,-0.022216658997580244,True,False,False,False,True,False,False,False,True,False,True,False
687,77,-1.0675827619988856e-15,0.047428040054394875,True,False,False,True,False,False,False,False,False,False,False,True
688,53,-0.8698528450230093,-1.693689436244983,True,False,False,False,False,False,True,False,False,False,False,True
689,93,1.5341298195396635,1.0224538267820464,True,False,False,False,True,False,False,False,True,False,False,True
690,49,-1.2454751363609269,-1.066887144777207,False,False,True,False,False,False,False,False,False,False,True,True
691,73,0.48238740379349415,0.6742303315221709,False,False,False,False,True,False,False,False,False,False,False,True
692,66,-1.0675827619988856e-15,0.047428040054394875,False,False,True,False,False,False,False,False,False,False,False,False
693,77,0.5575118620610777,0.3260068362622954,False,False,False,True,False,False,False,False,False,False,True,True
694,49,-0.4942305536850917,-0.8579530476212817,False,False,True,False,False,False,False,False,False,True,True,True
695,79,1.45900536127208,1.231387923937972,False,False,False,True,False,False,False,False,True,False,False,True
696,75,0.9331341533989953,1.5099667201458724,False,False,True,False,False,False,False,False,False,False,True,False
697,59,0.18188957072316003,0.11707273910636999,False,False,False,False,False,True,False,False,False,False,True,True
698,57,0.6326363203286612,0.7438750305741461,False,False,False,True,False,False,False,False,False,False,True,False
699,66,-0.2688571788823411,-0.6490189504653563,True,False,True,False,False,False,True,False,False,False,False,True
700,79,0.8580096951314118,0.9528091277300714,False,False,False,False,True,True,False,False,False,False,True,False
701,57,-0.1937327206147576,0.25636213721032025,False,True,False,False,False,False,False,False,False,True,True,True
702,87,1.0833830699341624,1.301032622989947,True,False,False,False,False,True,False,False,False,False,True,False
703,63,-0.4191060954175082,-0.09186135804955536,False,False,False,True,False,False,False,False,True,False,True,True
704,59,-0.4942305536850917,-0.30079545520548073,False,True,False,False,False,False,False,False,False,True,False,False
705,62,0.18188957072316003,-0.2311507561535056,True,False,False,False,False,True,False,False,False,False,False,True
706,46,-2.672839843445014,-2.2508470286607842,True,False,False,True,False,False,True,False,False,False,True,True
707,66,-0.7947283867554258,-1.136531843829182,True,False,True,False,False,False,False,False,True,False,True,True
708,89,1.3087564447369129,0.7438750305741461,True,False,False,True,False,False,True,False,False,False,True,True
709,42,-0.6444794702202588,-0.7186636495173314,False,False,False,True,False,False,False,False,False,False,False,False
710,93,1.0833830699341624,1.5099667201458724,True,False,True,False,False,False,False,False,True,False,True,False
711,80,1.1585075282017459,1.1617432248859967,False,False,False,False,True,False,False,False,False,True,True,False
712,98,2.2853744022154987,2.1367690116136484,False,False,False,True,False,False,False,False,True,False,True,True
713,81,-1.0675827619988856e-15,1.0920985258340217,True,False,False,True,False,False,False,True,False,False,True,True
714,60,-1.0675827619988856e-15,0.047428040054394875,False,True,False,False,False,False,False,False,False,False,True,False
715,76,1.8346276526099976,1.301032622989947,False,True,False,False,False,False,False,False,False,False,False,False
716,73,-1.0675827619988856e-15,0.25636213721032025,True,False,True,False,False,False,False,False,False,False,True,False
717,96,1.9848765691451646,2.1367690116136484,False,False,True,False,False,False,False,False,False,False,True,False
718,76,0.48238740379349415,0.39565153531427044,False,False,True,False,False,False,True,False,False,False,True,True
719,91,0.25701402899074355,0.8135197296261212,True,False,False,False,True,False,False,False,False,False,False,False
720,62,0.18188957072316003,0.11707273910636999,False,False,True,False,False,False,False,False,True,False,False,True
721,55,-1.0675827619988856e-15,-0.6490189504653563,True,False,False,True,False,False,False,False,False,True,False,False
722,74,1.5341298195396635,1.3706773220419222,False,True,False,False,False,False,False,False,False,True,False,False
723,50,-1.6210974276988446,-1.8329788343489333,True,False,True,False,False,False,True,False,False,False,True,True
724,47,-1.9967197190367623,-1.9026235334009085,True,True,False,False,False,False,False,False,True,False,True,True
725,81,0.33213848725832706,0.1867174381583451,True,False,False,False,True,False,False,False,True,False,True,False
726,65,0.40726294552591064,0.6045856324701958,False,False,False,False,True,False,False,False,False,False,True,False
727,68,-1.3957240528960941,-0.7883083485693065,True,False,False,False,True,False,False,False,False,True,True,False
728,73,1.6843787360748306,1.0920985258340217,False,False,False,True,False,False,True,False,False,False,False,True
729,53,-2.2972175521070963,-2.181202329608809,True,False,True,False,False,False,False,False,True,False,True,True
730,68,0.5575118620610777,0.8135197296261212,False,True,False,False,False,False,False,False,False,False,False,False
731,55,-1.7713463442340116,-1.7633341352969583,True,False,False,False,False,False,False,False,False,True,False,True
732,87,1.45900536127208,1.788545516353773,False,False,True,False,False,False,False,False,True,False,True,False
733,55,-1.6962218859664282,-1.693689436244983,True,False,False,True,False,False,False,False,False,True,True,True
734,53,-0.8698528450230093,-0.7883083485693065,False,False,False,False,True,False,False,False,True,False,False,True
735,67,-0.9449773032905928,-0.6490189504653563,True,False,True,False,False,False,False,True,False,False,True,True
736,92,0.7077607785962448,1.0920985258340217,True,False,True,False,False,False,False,False,False,False,True,True
737,53,-1.0675827619988856e-15,0.047428040054394875,False,True,False,False,False,False,False,False,False,False,False,False
738,81,0.10676511245557652,0.3260068362622954,True,False,False,True,False,False,False,False,False,False,True,True
739,61,-0.7196039284878423,-0.9275977466732568,True,False,True,False,False,False,True,False,False,False,False,True
740,80,-1.0675827619988856e-15,0.047428040054394875,True,False,False,True,False,False,False,False,False,False,True,True
741,37,-1.0675827619988856e-15,0.047428040054394875,False,False,False,False,False,False,False,False,False,False,False,True
742,81,1.0833830699341624,0.9528091277300714,False,False,True,False,False,False,True,False,False,False,True,True
743,59,0.25701402899074355,0.25636213721032025,False,False,True,False,False,False,False,False,False,False,True,False
744,55,-1.0952262198257599,-1.4847553390890578,True,True,False,False,False,False,False,False,True,False,False,True
745,72,0.7077607785962448,0.39565153531427044,True,False,False,True,False,False,False,False,False,False,True,True
746,69,0.40726294552591064,0.1867174381583451,True,False,False,True,False,False,True,False,False,False,True,True
747,69,-0.4191060954175082,-0.022216658997580244,True,False,True,False,False,False,False,False,True,False,True,True
748,50,-0.7196039284878423,-0.6490189504653563,False,False,True,False,False,True,False,False,False,False,False,True
749,87,1.0833830699341624,1.231387923937972,True,True,False,False,False,False,False,False,True,False,True,False
750,71,-0.04348380407959054,-0.022216658997580244,True,False,False,True,False,False,False,False,False,True,True,False
751,68,0.18188957072316003,-0.2311507561535056,True,False,False,False,True,False,False,False,True,False,True,True
752,79,0.5575118620610777,0.46529623436624556,True,False,True,False,False,False,False,True,False,False,False,False
753,77,-1.0675827619988856e-15,0.047428040054394875,False,False,True,False,False,False,False,False,False,False,True,False
754,58,-1.0952262198257599,-1.066887144777207,True,False,True,False,False,False,False,False,False,False,False,True
755,84,1.9097521108775812,1.6492561182498227,False,False,False,False,True,False,False,False,False,False,True,True
756,55,-0.8698528450230093,-1.136531843829182,True,False,False,True,False,False,False,False,True,False,True,True
757,70,-0.11860826234717407,0.25636213721032025,True,False,False,False,True,True,False,False,False,False,False,False
758,52,-0.7947283867554258,-0.2311507561535056,False,False,False,True,False,False,False,False,True,False,False,False
759,69,0.5575118620610777,0.6045856324701958,True,True,False,False,False,False,False,False,True,False,True,False
760,53,0.18188957072316003,-0.30079545520548073,False,False,True,False,False,False,True,False,False,False,False,True
761,48,-1.0675827619988856e-15,0.047428040054394875,False,False,False,True,False,False,False,False,False,False,True,True
762,78,0.8580096951314118,1.231387923937972,True,False,False,True,False,False,False,False,False,True,True,False
763,62,-0.5693550119526752,-0.37044015425745586,False,True,False,False,False,False,True,False,False,False,True,True
764,60,-1.0675827619988856e-15,-0.6490189504653563,True,False,False,True,False,False,False,False,False,False,True,True
765,74,0.18188957072316003,0.25636213721032025,False,True,False,False,False,False,True,False,False,False,True,True
766,58,0.40726294552591064,0.6045856324701958,False,False,True,False,False,False,True,False,False,False,True,False
767,76,-0.5693550119526752,-0.5793742514133812,True,True,False,False,False,False,True,False,False,False,True,False
768,68,0.10676511245557652,0.46529623436624556,False,False,False,True,False,False,False,False,False,True,True,True
769,58,-0.7196039284878423,-0.7883083485693065,True,False,False,False,False,False,False,False,True,False,False,True
770,52,-1.6210974276988446,-1.3454659409851075,True,True,False,False,False,False,True,False,False,False,True,True
771,75,0.25701402899074355,0.39565153531427044,True,False,False,True,False,True,False,False,False,False,True,True
772,52,-0.1937327206147576,0.25636213721032025,False,True,False,False,False,False,False,False,False,True,False,False
773,62,0.6326363203286612,0.7438750305741461,False,False,True,False,False,True,False,False,False,False,False,True
774,66,-0.34398163714992464,-0.5793742514133812,True,True,False,False,False,False,False,False,True,False,True,True
775,49,-0.8698528450230093,-0.9275977466732568,False,True,False,False,False,False,False,False,False,True,False,True
776,66,0.18188957072316003,0.11707273910636999,False,True,False,False,False,False,True,False,False,False,True,True
777,35,-1.9215952607691786,-1.7633341352969583,False,False,True,False,False,False,False,False,True,False,False,True
778,72,0.7077607785962448,0.9528091277300714,False,False,False,False,False,False,False,False,True,False,True,False
779,94,1.1585075282017459,0.9528091277300714,True,False,False,False,True,False,False,False,False,False,True,False
780,46,-1.0201017615581764,-0.7883083485693065,False,False,False,True,False,False,False,False,False,False,False,True
781,77,1.5341298195396635,1.0920985258340217,False,True,False,False,False,False,False,True,False,False,True,True
782,76,1.1585075282017459,0.9528091277300714,False,True,False,False,False,False,True,False,False,False,False,False
783,52,-0.7947283867554258,-0.440084853309431,False,False,True,False,False,False,False,False,False,False,True,False
784,91,0.8580096951314118,0.7438750305741461,True,False,True,False,False,True,False,False,False,False,True,False
785,32,-1.3957240528960941,-1.693689436244983,False,True,False,False,False,False,False,False,False,True,True,False
786,72,0.7077607785962448,0.6045856324701958,False,False,False,False,True,False,False,False,False,True,False,True
787,19,-1.0675827619988856e-15,-2.5294258248686847,False,True,False,False,False,False,False,False,False,False,True,True
788,68,-0.34398163714992464,-0.509729552361406,True,False,True,False,False,False,False,False,False,False,False,True
789,52,-0.34398163714992464,-0.509729552361406,False,False,True,False,False,False,False,True,False,False,False,True
790,48,-0.5693550119526752,-0.5793742514133812,False,True,False,False,False,False,True,False,False,False,True,True
791,60,-0.2688571788823411,0.11707273910636999,False,False,False,True,False,False,False,False,True,False,False,True
792,66,0.33213848725832706,0.047428040054394875,True,False,False,True,False,False,True,False,False,False,False,True
793,89,1.0833830699341624,0.6045856324701958,True,False,False,False,True,False,False,False,False,True,True,False
794,42,-1.3205995946285105,-1.2061765428811573,False,True,False,False,False,False,True,False,False,False,True,True
795,57,-0.11860826234717407,0.3260068362622954,False,False,False,False,True,False,False,False,False,False,False,False
796,70,0.031640654187992986,0.11707273910636999,True,False,False,True,False,False,True,False,False,False,True,True
797,70,1.0833830699341624,0.8831644286780963,False,False,False,False,True,False,False,False,False,False,False,True
798,69,-0.7196039284878423,-0.9972424457252319,True,False,False,False,True,False,False,False,True,False,True,True
799,52,-1.0952262198257599,-0.7883083485693065,False,False,True,False,False,False,False,False,False,False,True,True
800,67,-1.0675827619988856e-15,-0.022216658997580244,True,False,True,False,False,False,False,False,False,True,True,False
801,76,0.7828852368638283,0.3260068362622954,True,False,True,False,False,False,False,False,False,True,True,False
802,87,1.8346276526099976,1.858190215405748,False,False,False,False,True,False,False,False,False,False,True,True
803,82,1.1585075282017459,1.301032622989947,False,True,False,False,False,False,False,False,True,False,True,True
804,73,0.48238740379349415,0.6742303315221709,False,False,True,False,False,False,False,False,True,False,True,True
805,75,0.8580096951314118,0.39565153531427044,True,False,False,False,False,False,False,False,True,False,False,True
806,64,0.33213848725832706,0.46529623436624556,False,False,False,True,False,False,False,False,True,False,False,True
807,41,-1.8464708025015952,-1.9722682324528835,False,False,False,False,True,False,True,False,False,False,False,True
808,90,0.40726294552591064,0.047428040054394875,True,False,True,False,False,False,True,False,False,False,True,True
809,59,-1.1703506780933435,-1.2061765428811573,True,True,False,False,False,True,False,False,False,False,True,True
810,51,-1.0675827619988856e-15,-2.2508470286607842,True,False,False,False,False,False,False,False,False,True,True,True
811,45,-1.0675827619988856e-15,0.047428040054394875,True,False,False,False,False,False,False,False,False,False,False,True
812,54,-0.4191060954175082,-0.09186135804955536,False,False,True,False,False,False,False,True,False,False,True,False
813,87,1.0833830699341624,0.5349409334182207,True,False,False,False,True,False,False,False,False,True,True,False
814,72,0.7828852368638283,1.0224538267820464,False,False,True,False,False,False,True,False,False,False,True,True
815,94,1.2336319864693295,1.301032622989947,True,True,False,False,False,False,False,False,False,True,True,False
816,45,-1.0675827619988856e-15,-0.30079545520548073,False,False,False,False,False,True,False,False,False,False,True,True
817,61,0.031640654187992986,0.5349409334182207,True,False,False,True,False,True,False,False,False,False,False,False
818,60,0.18188957072316003,-0.022216658997580244,False,True,False,False,False,False,True,False,False,False,False,True
819,77,1.609254277807247,1.3706773220419222,False,False,True,False,False,False,False,False,False,True,True,True
820,85,-1.0675827619988856e-15,0.047428040054394875,False,False,False,False,False,False,False,False,False,False,True,False
821,78,1.5341298195396635,1.7189008173017977,False,False,False,True,False,True,False,False,False,False,False,True
822,49,-1.0675827619988856e-15,-1.2061765428811573,True,False,False,False,True,False,False,False,True,False,False,False
823,71,-1.0675827619988856e-15,0.9528091277300714,False,True,False,False,False,False,True,False,False,False,False,True
824,48,-0.8698528450230093,-1.136531843829182,False,False,True,False,False,False,False,False,False,True,False,True
825,62,-0.1937327206147576,-0.7186636495173314,True,False,True,False,False,False,True,False,False,False,True,True
826,56,-1.0675827619988856e-15,0.11707273910636999,False,False,True,False,False,False,False,False,False,False,False,False
827,65,-0.04348380407959054,0.5349409334182207,False,False,True,False,False,False,False,False,False,True,True,True
828,69,1.2336319864693295,0.8831644286780963,False,False,False,True,False,False,False,False,False,True,False,False
829,68,-1.1703506780933435,-1.066887144777207,True,True,False,False,False,False,False,False,False,True,True,True
830,61,-0.7196039284878423,-0.7883083485693065,False,False,False,False,False,False,False,False,True,False,False,True
831,74,1.2336319864693295,1.4403220210938972,False,False,True,False,False,True,False,False,False,False,False,False
832,64,-0.7196039284878423,-0.7186636495173314,True,False,False,False,False,True,False,False,False,False,True,True
833,77,0.9331341533989953,1.4403220210938972,False,True,False,False,False,False,True,False,False,False,True,False
834,58,-1.4708485111636775,-1.624044737193008,True,True,False,False,False,False,False,False,True,False,True,True
835,60,-0.4191060954175082,0.39565153531427044,False,False,True,False,False,False,True,False,False,False,True,False
836,73,-0.4191060954175082,-0.7883083485693065,True,False,False,False,True,False,True,False,False,False,True,True
837,75,-1.0675827619988856e-15,0.047428040054394875,False,False,False,False,False,False,False,False,False,False,True,False
838,58,-0.9449773032905928,-1.066887144777207,True,True,False,False,False,False,False,False,False,False,False,False
839,66,0.5575118620610777,0.3260068362622954,False,False,True,False,False,False,False,False,False,False,True,True
840,39,-1.3205995946285105,-1.5544000381410328,False,False,False,True,False,False,True,False,False,False,False,True
841,64,-0.8698528450230093,-1.2061765428811573,True,False,True,False,False,False,False,False,False,True,True,True
842,23,-1.9215952607691786,-2.2508470286607842,False,True,False,False,False,False,True,False,False,False,False,False
843,74,0.5575118620610777,0.5349409334182207,True,True,False,False,False,False,False,False,True,False,False,False
844,40,-0.34398163714992464,-0.30079545520548073,False,False,False,True,False,False,False,False,False,True,False,False
845,90,1.1585075282017459,1.0920985258340217,True,False,False,False,True,False,False,True,False,False,True,True
846,91,1.1585075282017459,1.1617432248859967,True,False,True,False,False,False,False,True,False,False,True,False
847,64,-1.1703506780933435,-1.2758212419331323,True,False,False,True,False,False,True,False,False,False,True,True
848,59,0.18188957072316003,-0.022216658997580244,False,False,True,False,False,False,True,False,False,False,True,True
849,80,-1.0675827619988856e-15,0.047428040054394875,True,False,False,True,False,False,False,False,False,False,True,True
850,71,-0.1937327206147576,-0.09186135804955536,True,False,True,False,False,False,False,True,False,False,True,True
851,61,-0.11860826234717407,-0.37044015425745586,False,False,False,False,False,False,True,False,False,False,True,True
852,87,1.1585075282017459,1.7189008173017977,False,False,False,False,True,False,False,False,True,False,True,True
853,82,-0.1937327206147576,-0.509729552361406,True,False,False,False,True,False,False,False,False,True,True,True
854,62,-0.4191060954175082,-0.9275977466732568,True,False,True,False,False,False,False,False,False,True,True,True
855,97,2.0600010274127483,1.9278349144577231,False,True,False,False,False,True,False,False,False,False,True,True
856,75,-0.11860826234717407,-0.2311507561535056,True,True,False,False,False,False,False,False,True,False,False,True
857,65,0.7077607785962448,0.8831644286780963,False,False,True,False,False,True,False,False,False,False,True,True
858,52,-1.5459729694312612,-1.5544000381410328,True,True,False,False,False,False,True,False,False,False,True,False
859,87,-1.0675827619988856e-15,0.047428040054394875,True,False,True,False,False,False,False,False,False,False,False,True
860,53,-0.5693550119526752,-1.066887144777207,False,False,True,False,False,False,False,False,False,False,True,True
861,81,1.2336319864693295,1.301032622989947,False,False,False,False,True,False,False,True,False,False,False,True
862,39,-2.071844177304346,-2.1115576305568338,True,False,False,True,False,True,False,False,False,False,False,False
863,71,0.10676511245557652,0.8135197296261212,False,False,True,False,False,False,False,False,True,False,True,False
864,97,1.7595031943424142,1.5796114191978474,True,False,True,False,False,False,False,False,False,False,True,True
865,82,0.9331341533989953,1.3706773220419222,True,False,False,True,False,False,False,False,True,False,True,False
866,59,-1.0675827619988856e-15,0.047428040054394875,True,False,True,False,False,False,False,False,False,False,False,True
867,61,-1.0675827619988856e-15,-1.9026235334009085,True,True,False,False,False,False,False,False,False,False,True,True
868,78,0.33213848725832706,0.25636213721032025,True,False,False,False,True,False,False,False,False,False,False,False
869,49,-1.3957240528960941,-1.2061765428811573,True,False,True,False,False,False,False,False,False,False,False,True
870,59,-0.8698528450230093,-1.4847553390890578,True,True,False,False,False,False,True,False,False,False,True,True
871,70,0.18188957072316003,0.5349409334182207,False,False,True,False,False,False,False,False,True,False,True,False
872,82,1.0833830699341624,0.6742303315221709,True,True,False,False,False,False,False,False,False,False,True,False
873,90,1.5341298195396635,0.9528091277300714,True,False,False,False,True,False,False,False,False,False,False,True
874,43,-0.5693550119526752,-0.509729552361406,False,False,True,False,False,True,False,False,False,False,False,True
875,80,-0.4191060954175082,-0.1615060571015305,True,False,True,False,False,False,False,False,True,False,False,True
876,81,0.9331341533989953,1.0920985258340217,True,False,False,True,False,False,False,False,True,False,True,True
877,57,-0.6444794702202588,-0.9972424457252319,True,False,True,False,False,False,False,False,False,True,True,True
878,59,0.18188957072316003,0.8135197296261212,False,False,False,True,False,False,False,False,False,True,True,True
879,64,-1.0675827619988856e-15,0.047428040054394875,False,False,False,True,False,False,False,False,False,False,True,True
880,63,-0.4191060954175082,-0.1615060571015305,True,False,True,False,False,True,False,False,False,False,True,False
881,71,0.031640654187992986,0.11707273910636999,False,False,False,False,True,True,False,False,False,False,True,False
882,64,0.25701402899074355,0.1867174381583451,False,True,False,False,False,False,True,False,False,False,False,True
883,55,-1.0675827619988856e-15,0.047428040054394875,True,False,False,True,False,False,False,False,False,False,False,True
884,51,-1.3957240528960941,-0.9972424457252319,False,False,False,False,True,False,False,False,False,False,True,True
885,62,0.48238740379349415,0.8135197296261212,False,False,True,False,False,False,False,False,False,False,True,False
886,93,2.2853744022154987,1.858190215405748,False,False,False,False,True,False,False,False,False,False,True,False
887,54,0.18188957072316003,-0.6490189504653563,True,False,True,False,False,False,True,False,False,False,False,True
888,69,-0.34398163714992464,0.39565153531427044,False,False,False,True,False,False,False,False,True,False,False,True
889,44,-1.3957240528960941,-1.4151106400370825,True,False,False,True,False,False,True,False,False,False,False,True
890,86,1.1585075282017459,1.5796114191978474,False,False,False,False,True,False,False,False,True,False,True,False
891,85,1.6843787360748306,1.1617432248859967,False,False,False,False,True,False,False,False,False,False,True,True
892,50,-1.0675827619988856e-15,0.3260068362622954,False,False,False,False,False,False,False,True,False,False,False,True
893,88,-1.0675827619988856e-15,0.46529623436624556,True,False,False,True,False,False,False,False,False,True,True,False
894,59,-0.5693550119526752,0.047428040054394875,False,False,False,False,True,False,False,False,False,False,True,True
895,32,-2.672839843445014,-2.1115576305568338,False,False,False,False,True,False,False,False,False,True,False,True
896,36,-3.0484621347829317,-2.87764932012856,True,True,False,False,False,False,True,False,False,False,False,True
897,63,0.6326363203286612,0.7438750305741461,False,True,False,False,False,False,False,False,False,True,False,False
898,67,-1.1703506780933435,-0.37044015425745586,True,False,False,True,False,False,False,False,False,False,True,False
899,65,-1.0675827619988856e-15,0.047428040054394875,False,False,False,True,False,False,False,False,False,False,True,False
900,85,1.0833830699341624,1.4403220210938972,True,False,False,True,False,False,False,True,False,False,True,True
901,73,-1.0675827619988856e-15,0.047428040054394875,False,False,True,False,False,False,False,False,False,False,True,True
902,34,-1.0675827619988856e-15,0.047428040054394875,False,False,False,False,False,False,False,False,False,False,False,False
903,93,2.2853744022154987,2.2064137106656236,False,False,False,True,False,True,False,False,False,False,False,False
904,67,1.0833830699341624,1.0920985258340217,False,False,False,True,False,False,False,False,False,True,False,True
905,88,0.5575118620610777,0.6045856324701958,True,False,False,True,False,False,False,False,True,False,True,True
906,57,-1.6210974276988446,-1.2061765428811573,True,True,False,False,False,False,True,False,False,False,True,True
907,79,1.0833830699341624,1.5796114191978474,False,False,False,True,False,False,False,False,True,False,True,False
908,67,0.40726294552591064,0.25636213721032025,False,False,True,False,False,True,False,False,False,False,False,True
909,70,-0.4191060954175082,0.11707273910636999,True,False,False,False,True,True,False,False,False,False,True,False
910,50,-2.071844177304346,-1.4151106400370825,True,False,False,True,False,True,False,False,False,False,False,True
911,69,1.0833830699341624,0.9528091277300714,False,False,False,False,False,False,False,False,True,False,True,True
912,52,-0.6444794702202588,-0.1615060571015305,False,False,True,False,False,True,False,False,False,False,True,False
913,47,-0.5693550119526752,-0.1615060571015305,False,False,True,False,False,True,False,False,False,False,False,False
914,46,-1.0675827619988856e-15,-0.9275977466732568,False,True,False,False,False,False,False,False,False,False,False,True
915,68,0.031640654187992986,-0.1615060571015305,False,False,False,False,True,False,False,False,True,False,True,True
916,100,2.2853744022154987,2.2064137106656236,True,False,False,False,True,True,False,False,False,False,True,False
917,44,-1.0675827619988856e-15,-1.136531843829182,False,False,True,False,False,False,True,False,False,False,True,True
918,57,0.5575118620610777,0.8135197296261212,False,False,True,False,False,False,False,False,False,False,True,False
919,91,1.9848765691451646,1.5796114191978474,True,True,False,False,False,False,False,False,True,False,True,False
920,69,0.031640654187992986,-0.09186135804955536,True,False,False,True,False,False,True,False,False,False,False,True
921,35,-1.2454751363609269,-1.5544000381410328,False,False,True,False,False,False,True,False,False,False,False,True
922,72,-0.2688571788823411,-0.1615060571015305,True,False,False,True,False,False,True,False,False,False,True,True
923,54,-0.34398163714992464,-0.2311507561535056,False,True,False,False,False,False,False,False,False,False,False,True
924,74,-1.0675827619988856e-15,0.047428040054394875,True,False,False,True,False,False,False,False,False,False,False,True
925,74,-0.4191060954175082,-0.5793742514133812,True,False,False,False,True,False,False,False,False,True,True,False
926,64,-1.0201017615581764,-1.136531843829182,True,False,False,False,True,False,False,False,False,False,False,True
927,65,-0.6444794702202588,0.1867174381583451,False,False,False,True,False,False,True,False,False,False,False,False
928,46,-1.9967197190367623,-1.693689436244983,True,False,False,False,True,False,False,False,False,False,False,False
929,48,-1.0201017615581764,-1.2061765428811573,False,False,True,False,False,False,False,False,False,True,False,True
930,67,0.33213848725832706,0.11707273910636999,True,False,True,False,False,False,False,False,True,False,False,False
931,62,-0.9449773032905928,-0.440084853309431,True,False,False,True,False,False,False,False,True,False,False,True
932,61,0.10676511245557652,0.3260068362622954,True,False,False,True,False,False,False,False,False,False,False,False
933,70,0.40726294552591064,0.39565153531427044,True,False,True,False,False,True,False,False,False,False,False,False
934,98,1.3087564447369129,1.5099667201458724,True,False,True,False,False,False,False,False,False,False,True,False
935,70,-0.4942305536850917,-0.7186636495173314,True,False,False,True,False,False,False,False,True,False,False,True
936,67,-1.0675827619988856e-15,-1.066887144777207,True,False,False,False,False,False,False,False,False,False,True,True
937,57,-0.8698528450230093,-0.7883083485693065,False,False,False,False,True,False,True,False,False,False,False,True
938,85,-1.0675827619988856e-15,0.047428040054394875,True,False,False,True,False,False,False,False,False,False,True,False
939,77,-0.11860826234717407,0.047428040054394875,True,False,False,True,False,False,False,False,False,True,True,False
940,72,-0.2688571788823411,0.25636213721032025,True,False,True,False,False,False,False,True,False,False,False,False
941,78,1.609254277807247,1.9278349144577231,False,False,False,True,False,False,False,True,False,False,True,True
942,81,-0.2688571788823411,-0.30079545520548073,True,False,True,False,False,False,True,False,False,False,True,True
943,61,-0.5693550119526752,-0.509729552361406,True,False,False,False,False,False,False,False,False,True,False,False
944,58,-0.11860826234717407,-0.509729552361406,False,True,False,False,False,False,True,False,False,False,True,True
945,54,-0.6444794702202588,-0.7186636495173314,False,False,True,False,False,False,False,False,False,False,True,True
946,82,0.9331341533989953,0.8135197296261212,True,True,False,False,False,False,True,False,False,False,True,True
947,49,-1.0675827619988856e-15,0.047428040054394875,False,False,False,True,False,False,False,False,False,False,False,True
948,49,-1.4708485111636775,-1.136531843829182,True,True,False,False,False,False,False,False,False,True,False,False
949,57,0.40726294552591064,0.3260068362622954,False,False,False,False,True,False,True,False,False,False,False,False
950,94,0.25701402899074355,0.1867174381583451,True,False,False,False,True,False,True,False,False,False,True,True
951,75,0.5575118620610777,1.0224538267820464,False,False,False,True,False,False,False,False,True,False,True,False
952,74,0.33213848725832706,0.25636213721032025,False,False,False,False,True,False,False,False,False,True,False,True
953,58,-1.3205995946285105,-0.9972424457252319,True,False,True,False,False,False,True,False,False,False,True,False
954,62,-0.04348380407959054,0.047428040054394875,False,False,True,False,False,False,False,False,True,False,True,True
955,72,-0.9449773032905928,-0.440084853309431,True,False,False,False,True,False,False,False,False,False,True,True
956,84,1.3087564447369129,0.8831644286780963,True,False,True,False,False,False,False,False,True,False,True,True
957,92,2.2853744022154987,2.2064137106656236,False,False,False,True,False,False,False,True,False,False,True,True
958,45,-0.4942305536850917,-0.6490189504653563,False,False,False,True,False,False,True,False,False,False,True,True
959,75,-1.0675827619988856e-15,0.1867174381583451,True,False,True,False,False,False,True,False,False,False,True,True
960,56,-0.8698528450230093,-0.30079545520548073,False,False,False,False,False,False,False,False,True,False,True,True
961,48,-1.1703506780933435,-1.066887144777207,False,False,False,True,False,False,False,False,False,True,False,True
962,100,2.2853744022154987,2.2064137106656236,False,False,False,False,True,False,False,False,False,False,True,True
963,65,0.48238740379349415,0.46529623436624556,False,False,True,False,False,False,False,False,False,True,False,False
964,72,-0.9449773032905928,-0.7186636495173314,True,False,False,True,False,False,False,False,True,False,True,True
965,62,0.031640654187992986,0.25636213721032025,False,False,False,True,False,False,False,False,True,False,True,True
966,66,-0.11860826234717407,-0.30079545520548073,True,False,False,False,False,False,False,False,False,True,True,False
967,63,-0.4942305536850917,-0.5793742514133812,True,False,True,False,False,False,False,False,True,False,True,True
968,68,0.48238740379349415,-0.09186135804955536,False,False,False,False,True,False,False,False,False,False,True,True
969,75,1.0833830699341624,0.8135197296261212,False,True,False,False,False,True,False,False,False,False,True,True
970,89,2.2853744022154987,2.2064137106656236,False,False,False,True,False,True,False,False,False,False,True,True
971,78,0.18188957072316003,0.047428040054394875,True,False,True,False,False,False,False,False,False,True,True,False
972,53,-1.4708485111636775,-0.5793742514133812,False,False,False,False,False,False,True,False,False,False,False,False
973,49,-1.0675827619988856e-15,0.047428040054394875,False,False,False,True,False,False,False,False,False,False,False,True
974,54,-1.0675827619988856e-15,0.047428040054394875,False,False,False,False,False,False,False,False,False,False,True,True
975,64,0.9331341533989953,0.6045856324701958,False,False,True,False,False,False,False,False,True,False,True,False
976,60,-0.5693550119526752,-0.5793742514133812,True,True,False,False,False,False,False,False,True,False,False,False
977,62,-0.34398163714992464,-0.7186636495173314,True,False,True,False,False,False,False,False,False,False,True,True
978,55,-1.0675827619988856e-15,-1.4151106400370825,True,False,False,True,False,False,True,False,False,False,True,False
979,91,1.9097521108775812,1.788545516353773,False,False,True,False,False,False,False,False,False,False,True,True
980,8,-3.4240844261208494,-3.1562281163364605,False,True,False,False,False,False,True,False,False,False,False,True
981,81,0.6326363203286612,0.6742303315221709,True,False,False,True,False,False,False,False,False,True,True,True
982,79,1.1585075282017459,1.231387923937972,True,True,False,False,False,False,False,False,False,True,True,False
983,78,1.3087564447369129,1.5796114191978474,False,False,False,False,False,False,False,False,True,False,True,False
984,74,0.40726294552591064,0.9528091277300714,False,False,True,False,False,False,False,False,False,True,True,True
985,57,-1.0675827619988856e-15,-0.9972424457252319,True,False,False,False,False,False,True,False,False,False,True,True
986,40,-1.0675827619988856e-15,0.047428040054394875,False,False,True,False,False,False,False,False,False,False,True,True
987,81,0.40726294552591064,0.5349409334182207,True,False,False,False,True,False,False,False,False,True,True,False
988,44,-1.8464708025015952,-1.624044737193008,False,False,False,False,False,False,False,False,False,True,False,True
989,67,1.2336319864693295,1.0224538267820464,False,False,False,True,False,False,False,False,True,False,False,False
990,86,0.8580096951314118,0.46529623436624556,True,False,False,False,True,False,True,False,False,False,False,False
991,65,0.9331341533989953,0.6742303315221709,False,True,False,False,False,False,False,False,False,True,True,False
992,55,0.48238740379349415,0.5349409334182207,False,False,False,True,False,False,False,False,False,False,False,True
993,62,0.18188957072316003,0.39565153531427044,False,False,False,True,False,True,False,False,False,False,False,True
994,63,-0.4942305536850917,-0.440084853309431,True,False,False,False,False,False,True,False,False,False,True,True
995,88,-1.0675827619988856e-15,1.858190215405748,False,False,False,False,True,False,False,True,False,False,True,False
996,62,-1.0952262198257599,-0.9275977466732568,True,False,True,False,False,False,True,False,False,False,False,True
997,59,0.10676511245557652,-0.2311507561535056,False,False,True,False,False,False,True,False,False,False,False,False
998,68,-1.0675827619988856e-15,0.047428040054394875,False,False,False,True,False,False,False,False,False,False,True,False
999,77,1.2336319864693295,1.231387923937972,False,False,False,True,False,False,False,False,True,False,False,True
